{"armature":[{"bone":[{"transform":{"skY":-5.26,"scY":0.484253,"skX":-41.62,"scX":0.406677,"y":-193.65,"x":109.7},"name":18},{"transform":{"skY":88.06,"scY":0.894547,"skX":88.06,"scX":-0.894547,"y":-156.8,"x":98.15},"name":19},{"transform":{"skY":23.77,"scY":1,"skX":23.77,"scX":-1,"y":-191,"x":101.15},"name":21},{"transform":{"skY":3.99,"scY":1,"skX":3.99,"scX":1,"y":-137.55,"x":71.05},"name":22},{"transform":{"skY":0,"scY":1,"skX":0,"scX":1,"y":-67,"x":-32.35},"name":23},{"transform":{"skY":0,"scY":0.903275,"skX":0,"scX":0.903275,"y":-34.15,"x":-55.35},"name":24},{"transform":{"skY":-34.47,"scY":1.000015,"skX":-34.47,"scX":1.203583,"y":-80.8,"x":38.55},"name":26},{"transform":{"skY":0,"scY":1,"skX":0,"scX":1,"y":-13.75,"x":58.15},"name":25},{"transform":{"skY":0,"scY":1.171722,"skX":-17.7,"scX":0.747971,"y":-113.85,"x":30.05},"name":29},{"transform":{"skY":51.18,"scY":0.854736,"skX":63.66,"scX":0.918396,"y":-80.05,"x":-31.35},"name":31},{"transform":{"skY":0,"scY":1,"skX":0,"scX":1,"y":-161.3,"x":28.9},"name":34},{"transform":{"skY":1.05,"scY":1.000015,"skX":1.05,"scX":1.036804,"y":-114.45,"x":-2.25},"name":35},{"transform":{"skY":0,"scY":1,"skX":0,"scX":1,"y":-180.95,"x":108},"name":36},{"transform":{"skY":2.72,"scY":1,"skX":2.72,"scX":1,"y":-196.7,"x":-55.15},"name":39},{"transform":{"skY":0,"scY":1,"skX":0,"scX":1,"y":-239.65,"x":126.2},"name":"shou"},{"transform":{"skY":1.27,"scY":1.000015,"skX":1.27,"scX":1.000015,"y":-110.5,"x":44.8},"name":"dao"},{"transform":{"skY":25.21,"scY":1,"skX":25.21,"scX":1,"y":-125.3,"x":-96.65},"name":"youbi jian"},{"transform":{"skY":22.94,"scY":1,"skX":22.94,"scX":1,"y":-262.45,"x":-18},"name":44},{"transform":{"skY":23.24,"scY":1.000015,"skX":23.24,"scX":1.000015,"y":-206.35,"x":-42.65},"name":45},{"transform":{"skY":23.24,"scY":1.000015,"skX":23.24,"scX":1.000015,"y":-126.4,"x":-60.85},"name":46},{"transform":{"skY":24.23,"scY":1,"skX":24.23,"scX":1,"y":-259.25,"x":74.85},"name":420}],"animation":[{"tweenEasing":null,"timeline":[{"frame":[{"transform":{"pY":0,"skY":-5.26,"scY":0.484253,"skX":-41.62,"pX":0,"scX":0.406677,"y":-193.65,"x":109.7},"z":0,"duration":2},{"transform":{"pY":0.15,"skY":2.48,"scY":0.643814,"skX":-33.88,"pX":-0.15,"scX":0.465683,"y":-228.2,"x":124.35},"z":0,"duration":2},{"transform":{"pY":0,"skY":17.48,"scY":0.643814,"skX":-18.88,"pX":0.05,"scX":0.465668,"y":-220.55,"x":130.35},"z":0,"duration":2},{"transform":{"pY":0.05,"skY":17.48,"scY":0.643814,"skX":-18.88,"pX":0.05,"scX":0.465668,"y":-210.05,"x":136},"z":0,"duration":2},{"transform":{"pY":-0.1,"skY":-12.52,"scY":0.723923,"skX":-48.89,"pX":0.35,"scX":0.523621,"y":-266.5,"x":108.35},"z":0,"duration":2},{"displayIndex":-1,"duration":28},{"transform":{"pY":0,"skY":-103.73,"scY":1.000015,"skX":-103.73,"pX":0,"scX":1.000015,"y":-205.15,"x":-17.6},"z":0,"displayIndex":1,"duration":2},{"transform":{"pY":0,"skY":-108.73,"scY":1,"skX":-108.73,"pX":0.1,"scX":1,"y":-205.15,"x":-22.6},"z":0,"displayIndex":1,"duration":2},{"transform":{"pY":0.05,"skY":-104.51,"scY":1,"skX":-104.51,"pX":0.1,"scX":1,"y":-205.15,"x":-22.6},"z":0,"displayIndex":1,"duration":12},{"displayIndex":-1,"duration":9}],"offset":0,"scale":1,"name":18},{"frame":[{"transform":{"pY":0,"skY":88.06,"scY":0.894547,"skX":88.06,"pX":0,"scX":-0.894547,"y":-156.8,"x":98.15},"z":1,"duration":2},{"transform":{"pY":0.05,"skY":82.6,"scY":0.826447,"skX":82.6,"pX":0.05,"scX":-0.894562,"y":-180.85,"x":122.05},"z":1,"duration":2},{"transform":{"pY":0.1,"skY":89.55,"scY":0.826462,"skX":89.55,"pX":0.05,"scX":-0.894562,"y":-167.8,"x":122.05},"z":1,"duration":2},{"transform":{"pY":0.1,"skY":89.55,"scY":0.826462,"skX":89.55,"pX":0.1,"scX":-0.894562,"y":-158.3,"x":122.05},"z":1,"duration":2},{"transform":{"pY":0.1,"skY":59.55,"scY":0.826447,"skX":59.55,"pX":0,"scX":-0.894531,"y":-213.8,"x":129.5},"z":1,"duration":2},{"displayIndex":-1,"duration":2},{"transform":{"pY":-0.1,"skY":13.92,"scY":0.924713,"skX":13.92,"pX":-0.1,"scX":0.924713,"y":-296.55,"x":-47.4},"z":1,"duration":2},{"displayIndex":-1,"duration":14},{"transform":{"pY":0,"skY":-53.2,"scY":1.076904,"skX":-73.7,"pX":0,"scX":0.638412,"y":-323.55,"x":-26.1},"z":1,"displayIndex":1,"duration":2},{"transform":{"pY":0.1,"skY":-87.19,"scY":1.044434,"skX":-102.2,"pX":0.1,"scX":0.638412,"y":-307.95,"x":-120.85},"z":1,"displayIndex":1,"duration":2},{"transform":{"pY":0.1,"skY":-93.4,"scY":1.044434,"skX":-108.42,"pX":0.15,"scX":0.638412,"y":-295.95,"x":-143.65},"z":1,"displayIndex":1,"duration":3},{"transform":{"pY":0.15,"skY":-63.4,"scY":1.114883,"skX":-88.6,"pX":0.3,"scX":0.74292,"y":-327.45,"x":-14.15},"z":1,"displayIndex":1,"duration":1},{"transform":{"pY":0.1,"skY":-63.4,"scY":1.114883,"skX":-88.6,"pX":0.35,"scX":0.74292,"y":-305.4,"x":26.4},"z":1,"displayIndex":1,"duration":2},{"transform":{"pY":0.25,"skY":-22.69,"scY":1.045303,"skX":-37.88,"pX":0.25,"scX":0.74292,"y":-285.85,"x":117.7},"z":1,"displayIndex":1,"duration":2},{"transform":{"pY":0.2,"skY":-28.4,"scY":1.045288,"skX":-43.59,"pX":0.25,"scX":0.74292,"y":-285.85,"x":112.7},"z":1,"displayIndex":1,"duration":2},{"transform":{"pY":0.25,"skY":-23.67,"scY":1.045288,"skX":-38.86,"pX":0.2,"scX":0.742889,"y":-282.35,"x":117.7},"z":1,"displayIndex":1,"duration":2},{"transform":{"pY":0.2,"skY":-23.67,"scY":1.045288,"skX":-38.86,"pX":0.2,"scX":0.742889,"y":-283.35,"x":116.7},"z":1,"displayIndex":1,"duration":10},{"transform":{"pY":0.15,"skY":-44.77,"scY":1.045303,"skX":-68.86,"pX":0.2,"scX":0.695145,"y":-313.75,"x":42.3},"z":1,"displayIndex":1,"duration":3},{"transform":{"pY":0.15,"skY":-55.23,"scY":1.045258,"skX":-79.32,"pX":0.25,"scX":0.695145,"y":-313.75,"x":20.8},"z":1,"displayIndex":1,"duration":3},{"transform":{"pY":0.15,"skY":-34.76,"scY":1.045273,"skX":-58.84,"pX":0.3,"scX":0.841721,"y":-267.25,"x":65.45},"z":1,"displayIndex":1,"duration":3}],"offset":0,"scale":1,"name":19},{"frame":[{"displayIndex":-1,"duration":2},{"transform":{"pY":0,"skY":23.77,"scY":1,"skX":23.77,"pX":0,"scX":-1,"y":-191,"x":101.15},"z":2,"duration":2},{"transform":{"pY":-0.05,"skY":28.23,"scY":1,"skX":28.23,"pX":0.05,"scX":-1,"y":-181.05,"x":98.05},"z":2,"duration":2},{"transform":{"pY":0,"skY":31.71,"scY":1,"skX":31.71,"pX":0.1,"scX":-1,"y":-175.55,"x":98.5},"z":2,"duration":2},{"transform":{"pY":0,"skY":4.25,"scY":1,"skX":4.25,"pX":0.05,"scX":-1,"y":-219.75,"x":108.05},"z":2,"duration":2},{"displayIndex":-1,"duration":18},{"transform":{"pY":0,"skY":-67.06,"scY":1,"skX":-67.06,"pX":0,"scX":1,"y":-242,"x":-55.9},"z":2,"displayIndex":1,"duration":2},{"transform":{"pY":-0.05,"skY":-87.04,"scY":1.000015,"skX":-87.04,"pX":0,"scX":1.000015,"y":-210,"x":-109.45},"z":2,"displayIndex":1,"duration":2},{"transform":{"pY":-0.1,"skY":-102.04,"scY":1.000015,"skX":-102.04,"pX":-0.05,"scX":1.000015,"y":-203,"x":-126.95},"z":2,"displayIndex":1,"duration":3},{"transform":{"pY":-0.1,"skY":-72.04,"scY":0.999985,"skX":-72.04,"pX":-0.05,"scX":0.999985,"y":-237.5,"x":-30.9},"z":2,"displayIndex":1,"duration":1},{"transform":{"pY":-0.15,"skY":-63.54,"scY":0.999985,"skX":-63.54,"pX":-0.05,"scX":0.999985,"y":-225.9,"x":1.95},"z":2,"displayIndex":1,"duration":2},{"transform":{"pY":-0.15,"skY":-28.99,"scY":0.999969,"skX":-28.99,"pX":0,"scX":0.999969,"y":-226.05,"x":58.95},"z":2,"displayIndex":1,"duration":2},{"transform":{"pY":-0.15,"skY":-35.19,"scY":0.999954,"skX":-35.19,"pX":-0.1,"scX":0.999954,"y":-227.05,"x":55.95},"z":2,"displayIndex":1,"duration":2},{"transform":{"pY":-0.15,"skY":-30.95,"scY":0.999985,"skX":-30.95,"pX":-0.05,"scX":0.999985,"y":-226.05,"x":58.45},"z":2,"displayIndex":1,"duration":12},{"transform":{"pY":-0.2,"skY":-56.43,"scY":0.999969,"skX":-56.43,"pX":-0.05,"scX":0.999969,"y":-230.4,"x":11.45},"z":2,"displayIndex":1,"duration":3},{"transform":{"pY":-0.15,"skY":-56.43,"scY":0.999969,"skX":-56.43,"pX":-0.05,"scX":0.999969,"y":-225.9,"x":-7.55},"z":2,"displayIndex":1,"duration":3},{"displayIndex":-1,"duration":3}],"offset":0,"scale":1,"name":21},{"frame":[{"transform":{"pY":0,"skY":3.99,"scY":1,"skX":3.99,"pX":0,"scX":1,"y":-137.55,"x":71.05},"z":3,"duration":2},{"transform":{"pY":0,"skY":0,"scY":1,"skX":0,"pX":0,"scX":1,"y":-59.5,"x":-13.35},"z":3,"displayIndex":1,"duration":2},{"transform":{"pY":0,"skY":0,"scY":1,"skX":0,"pX":0,"scX":1,"y":-58,"x":-12.85},"z":3,"displayIndex":1,"duration":2},{"transform":{"pY":0,"skY":0,"scY":1,"skX":0,"pX":0,"scX":1,"y":-58,"x":-10.6},"z":3,"displayIndex":1,"duration":2},{"transform":{"pY":0.05,"skY":-15,"scY":1,"skX":-15,"pX":0,"scX":1,"y":-55.5,"x":25.5},"z":3,"displayIndex":1,"duration":2},{"displayIndex":-1,"duration":18},{"transform":{"pY":0.2,"skY":-30,"scY":0.999985,"skX":-30,"pX":0,"scX":0.999985,"y":-74.05,"x":-39.5},"z":3,"displayIndex":1,"duration":2},{"transform":{"pY":0.2,"skY":-30,"scY":0.999985,"skX":-30,"pX":0,"scX":0.999985,"y":-74.55,"x":-36},"z":3,"displayIndex":1,"duration":2},{"transform":{"pY":0,"skY":-35.94,"scY":1.000015,"skX":-35.94,"pX":0,"scX":1.000015,"y":-268.6,"x":-120.3},"z":3,"displayIndex":2,"duration":3},{"transform":{"pY":0.15,"skY":-7,"scY":1,"skX":-7,"pX":0.1,"scX":1,"y":-61.5,"x":-15.55},"z":3,"displayIndex":1,"duration":1},{"transform":{"pY":0.15,"skY":-2.53,"scY":1,"skX":-2.53,"pX":0.05,"scX":1,"y":-54.5,"x":-9.05},"z":3,"displayIndex":1,"duration":2},{"transform":{"pY":0.15,"skY":2.92,"scY":1,"skX":2.92,"pX":0.1,"scX":1,"y":-54.5,"x":-5.05},"z":3,"displayIndex":1,"duration":2},{"transform":{"pY":0.2,"skY":2.92,"scY":1,"skX":2.92,"pX":0.1,"scX":1,"y":-55.5,"x":-5.3},"z":3,"displayIndex":1,"duration":2},{"transform":{"pY":0.15,"skY":2.92,"scY":1,"skX":2.92,"pX":0.1,"scX":1,"y":-54.5,"x":-5.05},"z":3,"displayIndex":1,"duration":12},{"displayIndex":-1,"duration":3},{"transform":{"pY":0.2,"skY":-30,"scY":0.999985,"skX":-30,"pX":0,"scX":0.999985,"y":-71.75,"x":-26.8},"z":3,"displayIndex":1,"duration":3},{"transform":{"pY":0.2,"skY":-30,"scY":0.999985,"skX":-30,"pX":0,"scX":0.999985,"y":-74.75,"x":-38.8},"z":3,"displayIndex":1,"duration":3}],"offset":0,"scale":1,"name":22},{"frame":[{"transform":{"pY":0,"skY":0,"scY":1,"skX":0,"pX":0,"scX":1,"y":-67,"x":-32.35},"z":4,"duration":2},{"transform":{"pY":0,"skY":0,"scY":1,"skX":0,"pX":0,"scX":1,"y":-32.15,"x":-48.55},"z":4,"displayIndex":1,"duration":2},{"transform":{"pY":0,"skY":0,"scY":0.941864,"skX":0,"pX":0,"scX":1,"y":-31.15,"x":-48.55},"z":4,"displayIndex":1,"duration":2},{"transform":{"pY":0,"skY":0,"scY":0.943665,"skX":3.53,"pX":0,"scX":1,"y":-31.15,"x":-48.55},"z":4,"displayIndex":1,"duration":2},{"transform":{"pY":0,"skY":0,"scY":0.943665,"skX":3.53,"pX":0,"scX":1,"y":-28.6,"x":-8.6},"z":4,"displayIndex":1,"duration":2},{"displayIndex":-1,"duration":18},{"transform":{"pY":0,"skY":0,"scY":0.903275,"skX":0,"pX":0,"scX":0.815125,"y":-33.1,"x":-58.25},"z":4,"displayIndex":2,"duration":2},{"transform":{"pY":0,"skY":0,"scY":0.903275,"skX":0,"pX":0,"scX":0.815125,"y":-33.1,"x":-52.75},"z":4,"displayIndex":2,"duration":2},{"transform":{"pY":0.2,"skY":-30,"scY":0.999985,"skX":-30,"pX":0,"scX":0.999985,"y":-72.55,"x":-36},"z":4,"duration":3},{"transform":{"pY":0,"skY":0,"scY":1,"skX":0,"pX":0,"scX":1,"y":-36.05,"x":-52.3},"z":4,"displayIndex":3,"duration":1},{"transform":{"pY":0,"skY":0,"scY":1.005005,"skX":5.71,"pX":0,"scX":1,"y":-34.55,"x":-52.3},"z":4,"displayIndex":3,"duration":2},{"transform":{"pY":0,"skY":0,"scY":1.005005,"skX":5.71,"pX":0,"scX":1,"y":-34.55,"x":-49.55},"z":4,"displayIndex":3,"duration":2},{"transform":{"pY":0,"skY":0,"scY":1.005005,"skX":5.71,"pX":0,"scX":1,"y":-34.55,"x":-50.05},"z":4,"displayIndex":3,"duration":2},{"transform":{"pY":0,"skY":0,"scY":1.005005,"skX":5.71,"pX":0,"scX":1,"y":-34.55,"x":-49.55},"z":4,"displayIndex":3,"duration":12},{"displayIndex":-1,"duration":3},{"transform":{"pY":0,"skY":0,"scY":0.903275,"skX":0,"pX":0,"scX":0.815125,"y":-33.1,"x":-52.75},"z":4,"displayIndex":2,"duration":3},{"transform":{"pY":0,"skY":0,"scY":0.903275,"skX":0,"pX":0.05,"scX":0.815125,"y":-33.1,"x":-56.25},"z":4,"displayIndex":2,"duration":3}],"offset":0,"scale":1,"name":23},{"frame":[{"transform":{"pY":0,"skY":0,"scY":0.903275,"skX":0,"pX":0,"scX":0.903275,"y":-34.15,"x":-55.35},"z":5,"duration":2},{"transform":{"pY":0,"skY":-34.47,"scY":1.000015,"skX":-34.47,"pX":0,"scX":1.203583,"y":-78.8,"x":48.05},"z":5,"displayIndex":1,"duration":2},{"transform":{"pY":0.05,"skY":-34.47,"scY":1.000015,"skX":-34.47,"pX":0,"scX":1.203583,"y":-77.8,"x":48.55},"z":5,"displayIndex":1,"duration":2},{"transform":{"pY":0.05,"skY":-34.47,"scY":1.000015,"skX":-34.47,"pX":0,"scX":1.203583,"y":-75.8,"x":48.55},"z":5,"displayIndex":1,"duration":2},{"transform":{"pY":0.05,"skY":-34.47,"scY":1.000015,"skX":-34.47,"pX":0,"scX":1.203583,"y":-75.8,"x":48.55},"z":5,"displayIndex":1,"duration":2},{"displayIndex":-1,"duration":18},{"transform":{"pY":-0.05,"skY":-57.18,"scY":0.936676,"skX":-57.18,"pX":0,"scX":0.940475,"y":-64.25,"x":41},"z":5,"displayIndex":1,"duration":2},{"transform":{"pY":0,"skY":-72.18,"scY":0.936676,"skX":-72.18,"pX":0,"scX":0.940475,"y":-99.3,"x":28.1},"z":5,"displayIndex":1,"duration":2},{"transform":{"pY":0,"skY":0,"scY":0.847748,"skX":-2.34,"pX":-0.1,"scX":0.815125,"y":-32.1,"x":-52.75},"z":5,"duration":3},{"transform":{"pY":0.2,"skY":-74.44,"scY":0.936676,"skX":-74.44,"pX":0,"scX":0.940491,"y":-82.25,"x":65.85},"z":5,"displayIndex":1,"duration":1},{"transform":{"pY":0.25,"skY":-59.44,"scY":0.936676,"skX":-59.44,"pX":0,"scX":0.940475,"y":-56.75,"x":72.5},"z":5,"displayIndex":1,"duration":2},{"transform":{"pY":0.3,"skY":-59.44,"scY":0.936676,"skX":-59.44,"pX":0,"scX":0.940475,"y":-53,"x":76.6},"z":5,"displayIndex":1,"duration":2},{"transform":{"pY":0.3,"skY":-59.44,"scY":0.936676,"skX":-59.44,"pX":0,"scX":0.940475,"y":-53.5,"x":76.6},"z":5,"displayIndex":1,"duration":2},{"transform":{"pY":0.3,"skY":-59.44,"scY":0.936676,"skX":-59.44,"pX":0,"scX":0.940475,"y":-53,"x":76.6},"z":5,"displayIndex":1,"duration":12},{"transform":{"pY":0.25,"skY":-59.44,"scY":0.936676,"skX":-59.44,"pX":0,"scX":0.940475,"y":-65.15,"x":72.55},"z":5,"displayIndex":1,"duration":3},{"transform":{"pY":0.3,"skY":-68.16,"scY":0.936691,"skX":-68.16,"pX":-0.05,"scX":0.940475,"y":-72.95,"x":60},"z":5,"displayIndex":1,"duration":3},{"transform":{"pY":0.3,"skY":-38.16,"scY":0.936676,"skX":-38.16,"pX":0.05,"scX":0.940475,"y":-63.4,"x":57.05},"z":5,"displayIndex":1,"duration":3}],"offset":0,"scale":1,"name":24},{"frame":[{"transform":{"pY":0,"skY":-34.47,"scY":1.000015,"skX":-34.47,"pX":0,"scX":1.203583,"y":-80.8,"x":38.55},"z":6,"duration":2},{"transform":{"pY":0,"skY":0,"scY":1,"skX":0,"pX":0,"scX":1,"y":-13.75,"x":59.15},"z":6,"displayIndex":1,"duration":2},{"transform":{"pY":0,"skY":0,"scY":1.009735,"skX":0,"pX":0,"scX":1,"y":-13.75,"x":59.65},"z":6,"displayIndex":1,"duration":2},{"transform":{"pY":0,"skY":0,"scY":0.935287,"skX":0,"pX":0,"scX":1,"y":-12.75,"x":60.15},"z":6,"displayIndex":1,"duration":2},{"transform":{"pY":0,"skY":0,"scY":0.935287,"skX":0,"pX":0,"scX":1,"y":-12.75,"x":60.15},"z":6,"displayIndex":1,"duration":2},{"displayIndex":-1,"duration":18},{"transform":{"pY":0.05,"skY":0,"scY":0.935287,"skX":0,"pX":-0.05,"scX":1,"y":-13.75,"x":59.15},"z":6,"displayIndex":1,"duration":2},{"transform":{"pY":0.05,"skY":15,"scY":0.935303,"skX":15,"pX":0,"scX":1,"y":-61.25,"x":47.9},"z":6,"displayIndex":1,"duration":2},{"transform":{"pY":0.05,"skY":-102.18,"scY":0.936676,"skX":-102.18,"pX":0,"scX":0.940475,"y":-115.3,"x":21.4},"z":6,"duration":3},{"transform":{"pY":-0.05,"skY":0,"scY":0.935287,"skX":0,"pX":-0.05,"scX":0.999985,"y":-40.7,"x":80.75},"z":6,"displayIndex":1,"duration":1},{"transform":{"pY":0,"skY":-8.48,"scY":1.268448,"skX":-11.57,"pX":0,"scX":1.266617,"y":-17.05,"x":77.3},"z":6,"displayIndex":2,"duration":2},{"transform":{"pY":0,"skY":-8.48,"scY":1.268448,"skX":-11.57,"pX":0,"scX":1.266617,"y":-14.7,"x":79.8},"z":6,"displayIndex":2,"duration":2},{"transform":{"pY":0,"skY":-8.48,"scY":1.268448,"skX":-11.57,"pX":0,"scX":1.266617,"y":-14.7,"x":79.8},"z":6,"displayIndex":2,"duration":2},{"transform":{"pY":0,"skY":-8.48,"scY":1.268448,"skX":-11.57,"pX":0,"scX":1.266617,"y":-14.7,"x":79.8},"z":6,"displayIndex":2,"duration":12},{"transform":{"pY":0.05,"skY":37.71,"scY":0.935303,"skX":37.71,"pX":0.05,"scX":0.999985,"y":-24.5,"x":73.75},"z":6,"displayIndex":1,"duration":3},{"transform":{"pY":0,"skY":28.99,"scY":0.935333,"skX":28.99,"pX":0.1,"scX":0.999985,"y":-32.9,"x":67.35},"z":6,"displayIndex":1,"duration":3},{"transform":{"pY":0.1,"skY":13.99,"scY":0.935303,"skX":13.99,"pX":0.05,"scX":0.999969,"y":-12.9,"x":57.9},"z":6,"displayIndex":1,"duration":3}],"offset":0,"scale":1,"name":26},{"frame":[{"transform":{"pY":0,"skY":0,"scY":1,"skX":0,"pX":0,"scX":1,"y":-13.75,"x":58.15},"z":7,"duration":2},{"transform":{"pY":0,"skY":7.31,"scY":1.171707,"skX":-10.4,"pX":0,"scX":0.59436,"y":-116.75,"x":54.05},"z":7,"displayIndex":1,"duration":2},{"transform":{"pY":0.05,"skY":7.31,"scY":1.192719,"skX":-13.33,"pX":-0.1,"scX":0.59436,"y":-116.85,"x":54.05},"z":7,"displayIndex":1,"duration":2},{"transform":{"pY":0.1,"skY":2.86,"scY":1.192719,"skX":-17.77,"pX":-0.1,"scX":0.59436,"y":-111.4,"x":53.05},"z":7,"displayIndex":1,"duration":2},{"transform":{"pY":0,"skY":45.43,"scY":0.999954,"skX":45.43,"pX":0,"scX":0.999954,"y":-126.7,"x":72.55},"z":7,"displayIndex":2,"duration":2},{"displayIndex":-1,"duration":18},{"transform":{"pY":-0.05,"skY":16.18,"scY":1.371475,"skX":16.18,"pX":-0.2,"scX":0.999985,"y":-105.75,"x":15.6},"z":7,"displayIndex":2,"duration":2},{"transform":{"pY":-0.05,"skY":-12.27,"scY":1.061646,"skX":-12.27,"pX":-0.1,"scX":0.872864,"y":-119.75,"x":15.5},"z":7,"displayIndex":2,"duration":2},{"transform":{"pY":0.05,"skY":15,"scY":0.935303,"skX":15,"pX":0,"scX":1,"y":-92.75,"x":47.9},"z":7,"duration":3},{"transform":{"pY":-0.2,"skY":17.99,"scY":0.781204,"skX":18,"pX":-0.1,"scX":0.872833,"y":-112.1,"x":66.05},"z":7,"displayIndex":2,"duration":1},{"transform":{"pY":-0.3,"skY":32.99,"scY":0.781204,"skX":33,"pX":-0.15,"scX":0.872849,"y":-83.1,"x":74.55},"z":7,"displayIndex":2,"duration":2},{"transform":{"pY":-0.2,"skY":25.76,"scY":0.781204,"skX":25.77,"pX":-0.1,"scX":0.872833,"y":-80.6,"x":74.55},"z":7,"displayIndex":2,"duration":2},{"transform":{"pY":-0.15,"skY":30.23,"scY":0.781219,"skX":30.23,"pX":-0.1,"scX":0.872864,"y":-80.6,"x":74.55},"z":7,"displayIndex":2,"duration":2},{"transform":{"pY":-0.2,"skY":25.76,"scY":0.781204,"skX":25.77,"pX":-0.1,"scX":0.872833,"y":-80.6,"x":74.55},"z":7,"displayIndex":2,"duration":12},{"transform":{"pY":-0.15,"skY":25.76,"scY":0.781204,"skX":25.77,"pX":-0.15,"scX":0.872833,"y":-93.1,"x":67.55},"z":7,"displayIndex":2,"duration":3},{"transform":{"pY":-0.15,"skY":20.8,"scY":0.781219,"skX":20.8,"pX":-0.2,"scX":0.872849,"y":-100.6,"x":54.05},"z":7,"displayIndex":2,"duration":3},{"transform":{"pY":0,"skY":51.18,"scY":0.854736,"skX":63.66,"pX":0,"scX":0.918396,"y":-76.55,"x":-27.35},"z":7,"displayIndex":3,"duration":3}],"offset":0,"scale":1,"name":25},{"frame":[{"transform":{"pY":0,"skY":0,"scY":1.171722,"skX":-17.7,"pX":0,"scX":0.747971,"y":-113.85,"x":30.05},"z":8,"duration":2},{"transform":{"pY":0,"skY":61.04,"scY":0.854736,"skX":63.66,"pX":0,"scX":0.974976,"y":-88.6,"x":4.6},"z":8,"displayIndex":1,"duration":2},{"transform":{"pY":0,"skY":61.04,"scY":0.857498,"skX":66.34,"pX":-0.1,"scX":0.974976,"y":-87.55,"x":4.1},"z":8,"displayIndex":1,"duration":2},{"transform":{"pY":-0.1,"skY":63.04,"scY":0.853867,"skX":67.05,"pX":-0.05,"scX":0.977341,"y":-85.55,"x":3.05},"z":8,"displayIndex":1,"duration":2},{"transform":{"pY":0,"skY":16.29,"scY":1,"skX":16.29,"pX":0,"scX":1.026184,"y":-92.5,"x":18.95},"z":8,"displayIndex":2,"duration":2},{"displayIndex":-1,"duration":18},{"transform":{"pY":0,"skY":15.48,"scY":0.874741,"skX":16.11,"pX":-0.05,"scX":0.784485,"y":-74.8,"x":-38.7},"z":8,"displayIndex":2,"duration":2},{"transform":{"pY":0,"skY":0.48,"scY":0.874725,"skX":1.11,"pX":0,"scX":0.7845,"y":-79.8,"x":-35.7},"z":8,"displayIndex":2,"duration":2},{"transform":{"pY":0,"skY":-11.27,"scY":0.781235,"skX":-11.27,"pX":0,"scX":0.872849,"y":-134.7,"x":10.55},"z":8,"displayIndex":3,"duration":3},{"transform":{"pY":0.05,"skY":30.78,"scY":0.87471,"skX":31.42,"pX":-0.1,"scX":0.784485,"y":-95.2,"x":-1.15},"z":8,"displayIndex":2,"duration":1},{"transform":{"pY":0,"skY":45.78,"scY":0.87471,"skX":46.42,"pX":-0.1,"scX":0.887024,"y":-83.7,"x":9.8},"z":8,"displayIndex":2,"duration":2},{"transform":{"pY":-0.05,"skY":45.78,"scY":0.87471,"skX":46.42,"pX":-0.1,"scX":0.887024,"y":-75.7,"x":19.8},"z":8,"displayIndex":2,"duration":2},{"transform":{"pY":-0.05,"skY":39.32,"scY":0.874725,"skX":39.95,"pX":-0.1,"scX":0.887024,"y":-72.2,"x":19.8},"z":8,"displayIndex":2,"duration":2},{"transform":{"pY":-0.05,"skY":45.78,"scY":0.87471,"skX":46.42,"pX":-0.1,"scX":0.887024,"y":-75.7,"x":19.8},"z":8,"displayIndex":2,"duration":12},{"transform":{"pY":-0.05,"skY":30.78,"scY":0.87471,"skX":31.42,"pX":-0.05,"scX":0.887039,"y":-83.15,"x":11.8},"z":8,"displayIndex":2,"duration":3},{"transform":{"pY":-0.05,"skY":30.78,"scY":0.87471,"skX":31.42,"pX":-0.05,"scX":0.887039,"y":-88.15,"x":0.3},"z":8,"displayIndex":2,"duration":3},{"transform":{"pY":0,"skY":0,"scY":1.127304,"skX":-8.05,"pX":0.1,"scX":0.837357,"y":-111.4,"x":24.55},"z":8,"duration":3}],"offset":0,"scale":1,"name":29},{"frame":[{"transform":{"pY":0,"skY":51.18,"scY":0.854736,"skX":63.66,"pX":0,"scX":0.918396,"y":-80.05,"x":-31.35},"z":9,"duration":2},{"transform":{"pY":0,"skY":0,"scY":1,"skX":0,"pX":0,"scX":1,"y":-174.8,"x":52.6},"z":9,"displayIndex":1,"duration":2},{"transform":{"pY":0,"skY":4.5,"scY":0.999985,"skX":4.5,"pX":0,"scX":0.999985,"y":-170.8,"x":58.1},"z":9,"displayIndex":1,"duration":2},{"transform":{"pY":0,"skY":4.5,"scY":0.999985,"skX":4.5,"pX":0,"scX":0.999985,"y":-169.3,"x":59.1},"z":9,"displayIndex":1,"duration":2},{"transform":{"pY":0,"skY":-17.19,"scY":1,"skX":-17.19,"pX":0,"scX":1,"y":-184.45,"x":53.15},"z":9,"displayIndex":1,"duration":2},{"displayIndex":-1,"duration":18},{"transform":{"pY":0,"skY":6.73,"scY":1.000031,"skX":6.73,"pX":0,"scX":1.000031,"y":-178.65,"x":2.25},"z":9,"displayIndex":2,"duration":2},{"transform":{"pY":0.05,"skY":-8.27,"scY":1.047028,"skX":1.09,"pX":0.1,"scX":1.000015,"y":-194,"x":-16.5},"z":9,"displayIndex":2,"duration":2},{"transform":{"pY":0,"skY":0.78,"scY":0.874741,"skX":1.42,"pX":0,"scX":0.784485,"y":-83.3,"x":-35.2},"z":9,"displayIndex":3,"duration":3},{"transform":{"pY":0,"skY":6.75,"scY":1.047028,"skX":16.11,"pX":0.1,"scX":1,"y":-195.85,"x":57.35},"z":9,"displayIndex":2,"duration":1},{"transform":{"pY":0.05,"skY":17.53,"scY":1.046997,"skX":26.89,"pX":0.15,"scX":1.000015,"y":-166.85,"x":78.45},"z":9,"displayIndex":2,"duration":2},{"transform":{"pY":0,"skY":15,"scY":1,"skX":15,"pX":0,"scX":1,"y":-138.1,"x":80.95},"z":9,"displayIndex":4,"duration":2},{"transform":{"pY":0.05,"skY":9.02,"scY":1.000015,"skX":9.02,"pX":0.1,"scX":1.000015,"y":-138.1,"x":75.95},"z":9,"displayIndex":4,"duration":2},{"transform":{"pY":0,"skY":15,"scY":1,"skX":15,"pX":0,"scX":1,"y":-138.1,"x":80.95},"z":9,"displayIndex":4,"duration":12},{"transform":{"pY":-0.05,"skY":8.69,"scY":1,"skX":8.69,"pX":0,"scX":1,"y":-155.3,"x":66.7},"z":9,"displayIndex":4,"duration":3},{"transform":{"pY":0.05,"skY":21.72,"scY":1,"skX":21.72,"pX":0.05,"scX":1,"y":-186.55,"x":43.5},"z":9,"displayIndex":2,"duration":3},{"transform":{"pY":0.05,"skY":6.73,"scY":1,"skX":6.73,"pX":0.1,"scX":1,"y":-182.6,"x":15.5},"z":9,"displayIndex":2,"duration":3}],"offset":0,"scale":1,"name":31},{"frame":[{"transform":{"pY":0,"skY":0,"scY":1,"skX":0,"pX":0,"scX":1,"y":-161.3,"x":28.9},"z":10,"duration":2},{"transform":{"pY":0,"skY":18.69,"scY":1.000015,"skX":18.56,"pX":0,"scX":0.930679,"y":-127.3,"x":28.45},"z":10,"displayIndex":1,"duration":2},{"transform":{"pY":0,"skY":18.69,"scY":1.000015,"skX":18.56,"pX":0,"scX":0.930679,"y":-125.55,"x":28.45},"z":10,"displayIndex":1,"duration":2},{"transform":{"pY":0,"skY":22.42,"scY":1,"skX":22.29,"pX":0.1,"scX":0.930679,"y":-121.15,"x":30.6},"z":10,"displayIndex":1,"duration":2},{"transform":{"pY":-0.05,"skY":7.93,"scY":1,"skX":7.8,"pX":0.05,"scX":0.930649,"y":-129.65,"x":44.2},"z":10,"displayIndex":1,"duration":2},{"displayIndex":-1,"duration":18},{"transform":{"pY":0,"skY":-1.48,"scY":1.000015,"skX":-1.48,"pX":0.25,"scX":1.000015,"y":-108.6,"x":-6.7},"z":10,"displayIndex":1,"duration":2},{"transform":{"pY":-0.05,"skY":-11.03,"scY":1.000015,"skX":-11.03,"pX":0.25,"scX":0.948441,"y":-117.1,"x":-13.95},"z":10,"displayIndex":1,"duration":2},{"transform":{"pY":0,"skY":-17.8,"scY":1.047043,"skX":-8.43,"pX":0,"scX":1,"y":-201.8,"x":-31.2},"z":10,"displayIndex":2,"duration":3},{"transform":{"pY":-0.15,"skY":13.44,"scY":1,"skX":13.44,"pX":0.2,"scX":0.98732,"y":-123.4,"x":36.35},"z":10,"displayIndex":1,"duration":1},{"transform":{"pY":-0.05,"skY":28.44,"scY":1,"skX":28.44,"pX":0.15,"scX":0.987305,"y":-102.85,"x":47},"z":10,"displayIndex":1,"duration":2},{"transform":{"pY":-0.1,"skY":28.44,"scY":1,"skX":28.44,"pX":0.15,"scX":0.987305,"y":-99.65,"x":48.25},"z":10,"displayIndex":1,"duration":2},{"transform":{"pY":-0.05,"skY":24.74,"scY":1,"skX":24.74,"pX":0.2,"scX":0.987305,"y":-98.4,"x":48.25},"z":10,"displayIndex":1,"duration":2},{"transform":{"pY":-0.1,"skY":28.44,"scY":1,"skX":28.44,"pX":0.15,"scX":0.987305,"y":-99.65,"x":48.25},"z":10,"displayIndex":1,"duration":12},{"transform":{"pY":-0.1,"skY":24.64,"scY":1,"skX":24.64,"pX":0.15,"scX":0.987305,"y":-112.25,"x":37.25},"z":10,"displayIndex":1,"duration":3},{"transform":{"pY":-0.25,"skY":14.43,"scY":1,"skX":14.43,"pX":0.2,"scX":0.98732,"y":-116.75,"x":16.7},"z":10,"displayIndex":1,"duration":3},{"transform":{"pY":-0.2,"skY":3.7,"scY":0.999985,"skX":3.7,"pX":0.2,"scX":0.987305,"y":-106,"x":7.8},"z":10,"displayIndex":1,"duration":3}],"offset":0,"scale":1,"name":34},{"frame":[{"transform":{"pY":0,"skY":1.05,"scY":1.000015,"skX":1.05,"pX":0,"scX":1.036804,"y":-114.45,"x":-2.25},"z":11,"duration":2},{"transform":{"pY":0,"skY":0,"scY":1,"skX":0,"pX":0,"scX":1,"y":-205.95,"x":108.5},"z":11,"displayIndex":1,"duration":2},{"transform":{"pY":0,"skY":0,"scY":1,"skX":0,"pX":0,"scX":1,"y":-200.45,"x":110.5},"z":11,"displayIndex":1,"duration":2},{"transform":{"pY":0,"skY":0,"scY":1,"skX":0,"pX":0,"scX":1,"y":-191.95,"x":115},"z":11,"displayIndex":1,"duration":2},{"transform":{"pY":0.05,"skY":-15,"scY":1,"skX":-15,"pX":0.05,"scX":1,"y":-233.4,"x":98.2},"z":11,"displayIndex":1,"duration":2},{"displayIndex":-1,"duration":18},{"transform":{"pY":0,"skY":-15,"scY":1,"skX":-15,"pX":-0.05,"scX":1,"y":-220.6,"x":86.95},"z":11,"displayIndex":1,"duration":2},{"transform":{"pY":0,"skY":-30,"scY":1,"skX":-30,"pX":0.05,"scX":1,"y":-263.65,"x":26.1},"z":11,"displayIndex":1,"duration":2},{"transform":{"pY":-0.05,"skY":-21.56,"scY":1,"skX":-21.56,"pX":-0.05,"scX":0.98732,"y":-126.1,"x":-16.95},"z":11,"duration":3},{"transform":{"pY":-0.05,"skY":-30,"scY":1,"skX":-30,"pX":0,"scX":1,"y":-241.65,"x":121.5},"z":11,"displayIndex":1,"duration":1},{"transform":{"pY":-0.1,"skY":-15,"scY":0.999985,"skX":-15,"pX":0,"scX":0.999985,"y":-208.55,"x":148.15},"z":11,"displayIndex":1,"duration":2},{"transform":{"pY":-0.15,"skY":5.22,"scY":1,"skX":5.22,"pX":0.1,"scX":1,"y":-130.05,"x":177.65},"z":11,"displayIndex":1,"duration":2},{"transform":{"pY":-0.1,"skY":5.22,"scY":1,"skX":5.22,"pX":0.05,"scX":1,"y":-134.55,"x":177.65},"z":11,"displayIndex":1,"duration":2},{"transform":{"pY":-0.15,"skY":11.44,"scY":1,"skX":11.44,"pX":0,"scX":1,"y":-131.05,"x":179.4},"z":11,"displayIndex":1,"duration":12},{"transform":{"pY":-0.15,"skY":-6.31,"scY":0.999985,"skX":-6.31,"pX":0.05,"scX":0.999985,"y":-187.05,"x":146.65},"z":11,"displayIndex":1,"duration":3},{"transform":{"pY":-0.1,"skY":-11.53,"scY":0.999985,"skX":-11.53,"pX":0,"scX":0.999985,"y":-212.8,"x":135.4},"z":11,"displayIndex":1,"duration":3},{"transform":{"pY":-0.1,"skY":-11.53,"scY":0.999985,"skX":-11.53,"pX":0,"scX":0.999985,"y":-182.25,"x":117.4},"z":11,"displayIndex":1,"duration":3}],"offset":0,"scale":1,"name":35},{"frame":[{"transform":{"pY":0,"skY":0,"scY":1,"skX":0,"pX":0,"scX":1,"y":-180.95,"x":108},"z":12,"duration":2},{"transform":{"pY":0,"skY":-9.46,"scY":1.000015,"skX":-9.46,"pX":0,"scX":1.000015,"y":-196,"x":-69.15},"z":12,"displayIndex":1,"duration":2},{"transform":{"pY":0,"skY":0,"scY":1,"skX":0,"pX":0,"scX":1,"y":-241.2,"x":-55.35},"z":12,"displayIndex":2,"duration":2},{"transform":{"pY":0,"skY":0,"scY":1,"skX":0,"pX":0,"scX":1,"y":-245.7,"x":-36.95},"z":12,"displayIndex":3,"duration":2},{"transform":{"pY":0,"skY":0,"scY":1,"skX":0,"pX":0,"scX":1,"y":-215.6,"x":-71.75},"z":12,"displayIndex":4,"duration":2},{"displayIndex":-1,"duration":18},{"transform":{"pY":0,"skY":-49.17,"scY":1.299576,"skX":-49.17,"pX":0,"scX":0.999542,"y":-115,"x":-98.6},"z":12,"displayIndex":5,"duration":2},{"transform":{"pY":0,"skY":-64.17,"scY":1.299576,"skX":-64.17,"pX":0,"scX":0.999527,"y":-130,"x":-114.8},"z":12,"displayIndex":5,"duration":2},{"transform":{"pY":0,"skY":-36.95,"scY":1,"skX":-36.95,"pX":-0.05,"scX":1,"y":-277.3,"x":3.45},"z":12,"duration":3},{"transform":{"pY":0,"skY":-20.23,"scY":1,"skX":-20.23,"pX":0,"scX":1,"y":-197.2,"x":-26.3},"z":12,"displayIndex":6,"duration":1},{"transform":{"pY":0.05,"skY":-10.27,"scY":1.000015,"skX":-10.27,"pX":-0.1,"scX":1.000015,"y":-187.2,"x":-8.25},"z":12,"displayIndex":6,"duration":2},{"transform":{"pY":0,"skY":-5.62,"scY":1.294952,"skX":-8.69,"pX":0,"scX":1.00798,"y":-171.65,"x":-24.15},"z":12,"displayIndex":7,"duration":2},{"transform":{"pY":0,"skY":-10.71,"scY":1.35907,"skX":-10.71,"pX":0,"scX":1,"y":-144.05,"x":-20.6},"z":12,"displayIndex":8,"duration":2},{"transform":{"pY":0,"skY":-18.25,"scY":1.631119,"skX":-18.25,"pX":0,"scX":0.999557,"y":-115.05,"x":-24.55},"z":12,"displayIndex":5,"duration":3},{"transform":{"pY":0,"skY":-34.17,"scY":1.631119,"skX":-34.18,"pX":0,"scX":0.999557,"y":-99.05,"x":2.5},"z":12,"displayIndex":5,"duration":9},{"transform":{"pY":0,"skY":-49.17,"scY":1.631088,"skX":-49.17,"pX":0,"scX":0.999542,"y":-97.7,"x":-12.55},"z":12,"displayIndex":5,"duration":3},{"transform":{"pY":0,"skY":-24.68,"scY":1.631134,"skX":-24.69,"pX":0,"scX":0.999557,"y":-103.7,"x":-71.55},"z":12,"displayIndex":5,"duration":3},{"transform":{"pY":-0.05,"skY":-4,"scY":1.000046,"skX":-4,"pX":0.05,"scX":1.000046,"y":-178,"x":-47.15},"z":12,"displayIndex":6,"duration":3}],"offset":0,"scale":1,"name":36},{"frame":[{"transform":{"pY":0,"skY":2.72,"scY":1,"skX":2.72,"pX":0,"scX":1,"y":-196.7,"x":-55.15},"z":13,"duration":2},{"transform":{"pY":0,"skY":0,"scY":1,"skX":0,"pX":0,"scX":1,"y":-261.6,"x":123.2},"z":13,"displayIndex":1,"duration":2},{"transform":{"pY":-0.05,"skY":9.71,"scY":1,"skX":9.71,"pX":0,"scX":1,"y":-250.65,"x":126.6},"z":13,"displayIndex":1,"duration":2},{"transform":{"pY":0,"skY":9.71,"scY":1,"skX":9.71,"pX":0,"scX":1,"y":-242.4,"x":133},"z":13,"displayIndex":1,"duration":2},{"transform":{"pY":-0.05,"skY":-11.28,"scY":1.000031,"skX":-11.28,"pX":0,"scX":1.000031,"y":-285.25,"x":95.35},"z":13,"displayIndex":1,"duration":2},{"displayIndex":-1,"duration":18},{"transform":{"pY":0,"skY":-11.9,"scY":1.10585,"skX":-11.02,"pX":0,"scX":1.111298,"y":-256.05,"x":10.45},"z":13,"displayIndex":2,"duration":2},{"transform":{"pY":0,"skY":-24.83,"scY":1.10585,"skX":-23.94,"pX":0,"scX":1.006653,"y":-290.05,"x":-46.35},"z":13,"displayIndex":2,"duration":2},{"transform":{"pY":0,"skY":-56.28,"scY":1,"skX":-56.28,"pX":0,"scX":1,"y":-161.1,"x":-111.55},"z":13,"displayIndex":3,"duration":3},{"displayIndex":-1,"duration":3},{"transform":{"pY":0,"skY":16.61,"scY":1.105865,"skX":13.53,"pX":0,"scX":1.007965,"y":-200.75,"x":131.15},"z":13,"displayIndex":2,"duration":2},{"transform":{"pY":0,"skY":16.61,"scY":1.105865,"skX":13.53,"pX":0,"scX":1.007965,"y":-204.75,"x":129.15},"z":13,"displayIndex":2,"duration":2},{"transform":{"pY":0,"skY":16.61,"scY":1.105865,"skX":13.53,"pX":0,"scX":1.007965,"y":-200.75,"x":131.15},"z":13,"displayIndex":2,"duration":12},{"transform":{"pY":0,"skY":-2.35,"scY":1.10585,"skX":-1.46,"pX":0,"scX":1.006653,"y":-237.2,"x":84.1},"z":13,"displayIndex":2,"duration":3},{"transform":{"pY":0,"skY":-17.35,"scY":1.10582,"skX":-16.46,"pX":0,"scX":1.006638,"y":-240.2,"x":62.1},"z":13,"displayIndex":2,"duration":3},{"displayIndex":-1,"duration":3}],"offset":0,"scale":1,"name":39},{"frame":[{"transform":{"pY":0,"skY":0,"scY":1,"skX":0,"pX":0,"scX":1,"y":-239.65,"x":126.2},"z":14,"duration":2},{"transform":{"pY":0,"skY":1.27,"scY":1.000015,"skX":1.27,"pX":0,"scX":1.000015,"y":-138.8,"x":68.7},"z":14,"displayIndex":1,"duration":2},{"transform":{"pY":0.1,"skY":-5.19,"scY":1.000015,"skX":-5.19,"pX":0.1,"scX":1.000015,"y":-134.05,"x":60.4},"z":14,"displayIndex":1,"duration":2},{"transform":{"pY":0.05,"skY":-20.19,"scY":1,"skX":-20.19,"pX":0.1,"scX":1,"y":-128.05,"x":60.4},"z":14,"displayIndex":1,"duration":2},{"transform":{"pY":0.05,"skY":15.55,"scY":0.999985,"skX":15.55,"pX":0.15,"scX":0.999985,"y":-175.65,"x":102.65},"z":14,"displayIndex":1,"duration":2},{"displayIndex":-1,"duration":2},{"transform":{"pY":0.05,"skY":60.54,"scY":0.999969,"skX":60.54,"pX":0.2,"scX":0.999969,"y":-172.6,"x":-54.7},"z":14,"displayIndex":1,"duration":2},{"displayIndex":-1,"duration":12},{"transform":{"pY":0,"skY":-15,"scY":1,"skX":-15,"pX":0,"scX":1,"y":-174.35,"x":354.1},"z":14,"displayIndex":2,"duration":2},{"transform":{"pY":-0.1,"skY":4.06,"scY":1,"skX":4.06,"pX":0,"scX":1,"y":-290.9,"x":91.7},"z":14,"duration":2},{"transform":{"pY":-0.05,"skY":-36.42,"scY":0.999985,"skX":-36.42,"pX":-0.05,"scX":0.999985,"y":-325.9,"x":4.7},"z":14,"duration":2},{"transform":{"pY":0,"skY":-36.42,"scY":0.999985,"skX":-36.42,"pX":-0.05,"scX":0.999985,"y":-333.9,"x":-28.3},"z":14,"duration":3},{"transform":{"pY":0,"skY":-28.21,"scY":0.999985,"skX":-28.21,"pX":0,"scX":0.999985,"y":-310.4,"x":116.25},"z":14,"duration":1},{"transform":{"pY":-0.05,"skY":-7.74,"scY":0.999985,"skX":-7.74,"pX":-0.05,"scX":0.999985,"y":-275.35,"x":150.9},"z":14,"duration":2},{"transform":{"pY":0.1,"skY":15.76,"scY":0.999969,"skX":15.76,"pX":-0.05,"scX":0.999969,"y":-191.9,"x":204.9},"z":14,"duration":2},{"transform":{"pY":-0.05,"skY":14.78,"scY":0.999954,"skX":14.78,"pX":-0.1,"scX":0.999954,"y":-199.4,"x":201.25},"z":14,"duration":2},{"transform":{"pY":-0.1,"skY":22.92,"scY":0.999954,"skX":22.92,"pX":-0.1,"scX":0.999954,"y":-190.75,"x":206.4},"tweenEasing":0,"z":14,"duration":4},{"transform":{"pY":-0.05,"skY":17.7,"scY":0.999954,"skX":17.7,"pX":-0.2,"scX":0.999954,"y":-190.8,"x":206.4},"tweenEasing":0,"z":14,"duration":6},{"transform":{"pY":-0.1,"skY":22.92,"scY":0.999954,"skX":22.92,"pX":-0.1,"scX":0.999954,"y":-190.75,"x":206.4},"z":14,"duration":2},{"transform":{"pY":-0.1,"skY":-7.07,"scY":0.999954,"skX":-7.07,"pX":-0.15,"scX":0.999954,"y":-254.8,"x":158.4},"z":14,"duration":3},{"transform":{"pY":-0.1,"skY":-12.31,"scY":0.999939,"skX":-12.31,"pX":-0.1,"scX":0.999939,"y":-276.65,"x":134.15},"z":14,"duration":3},{"transform":{"pY":-0.05,"skY":2.69,"scY":0.999939,"skX":2.69,"pX":-0.1,"scX":0.999939,"y":-247.65,"x":130.4},"z":14,"duration":3}],"offset":0,"scale":1,"name":"shou"},{"frame":[{"transform":{"pY":0,"skY":1.27,"scY":1.000015,"skX":1.27,"pX":0,"scX":1.000015,"y":-110.5,"x":44.8},"z":15,"duration":2},{"transform":{"pY":0,"skY":50.18,"scY":1.000015,"skX":50.18,"pX":0,"scX":1.000015,"y":-207,"x":-53.25},"z":15,"displayIndex":1,"duration":2},{"transform":{"pY":-0.1,"skY":53.66,"scY":1.000015,"skX":53.66,"pX":-0.1,"scX":1.000015,"y":-210.5,"x":-52.25},"z":15,"displayIndex":1,"duration":2},{"transform":{"pY":-0.05,"skY":57.67,"scY":1.000031,"skX":57.67,"pX":-0.05,"scX":1.000031,"y":-214,"x":-44.75},"z":15,"displayIndex":1,"duration":2},{"transform":{"pY":0,"skY":0,"scY":1.104553,"skX":0,"pX":0,"scX":1.104553,"y":-211.5,"x":-94.2},"z":15,"displayIndex":2,"duration":2},{"transform":{"pY":0,"skY":0,"scY":1,"skX":0,"pX":0,"scX":1,"y":-182.3,"x":263.45},"z":15,"displayIndex":3,"duration":2},{"transform":{"pY":0,"skY":0,"scY":1,"skX":0,"pX":0,"scX":1,"y":-325.5,"x":-182.3},"z":15,"displayIndex":4,"duration":2},{"displayIndex":-1,"duration":3},{"transform":{"pY":0,"skY":10.22,"scY":1.000015,"skX":10.22,"pX":0,"scX":1.000015,"y":-118,"x":384.6},"z":15,"displayIndex":3,"duration":2},{"transform":{"pY":0,"skY":0,"scY":1,"skX":0,"pX":0,"scX":1,"y":-364.6,"x":213.05},"z":15,"displayIndex":5,"duration":2},{"transform":{"pY":0,"skY":0,"scY":1,"skX":0,"pX":0,"scX":1,"y":-361.4,"x":-252.1},"z":15,"displayIndex":4,"duration":2},{"transform":{"pY":0,"skY":19.04,"scY":1.104538,"skX":19.04,"pX":0,"scX":1.104538,"y":-289.8,"x":-186.6},"z":15,"displayIndex":2,"duration":1},{"displayIndex":-1,"duration":4},{"transform":{"pY":-0.05,"skY":18.87,"scY":0.999969,"skX":18.87,"pX":0.2,"scX":0.999969,"y":-95.95,"x":128.4},"z":15,"duration":2},{"transform":{"pY":-0.05,"skY":3.87,"scY":0.999985,"skX":3.87,"pX":0.15,"scX":0.999985,"y":-360.8,"x":141.85},"z":15,"duration":2},{"transform":{"pY":-0.1,"skY":-46.84,"scY":0.999954,"skX":-46.84,"pX":0.2,"scX":0.999954,"y":-487.85,"x":-10.95},"z":15,"duration":3},{"transform":{"pY":-0.1,"skY":-16.84,"scY":0.999969,"skX":-16.84,"pX":0.15,"scX":0.999969,"y":-440.2,"x":197.1},"z":15,"duration":1},{"transform":{"pY":-0.15,"skY":-1.84,"scY":0.999954,"skX":-1.84,"pX":0.1,"scX":0.999954,"y":-413.3,"x":233.8},"z":15,"duration":2},{"transform":{"pY":-0.1,"skY":-7.62,"scY":0.999985,"skX":-7.62,"pX":0.1,"scX":-0.999985,"y":-41.65,"x":123.2},"z":15,"duration":2},{"transform":{"pY":-0.15,"skY":37.38,"scY":0.999939,"skX":37.38,"pX":0.05,"scX":-0.999939,"y":-47.65,"x":135.1},"z":15,"duration":2},{"transform":{"pY":-0.2,"skY":82.38,"scY":0.999939,"skX":82.38,"pX":0.1,"scX":-0.999939,"y":-39.1,"x":124.5},"z":15,"duration":2},{"transform":{"pY":-0.15,"skY":97.62,"scY":0.999939,"skX":97.62,"pX":0,"scX":0.999939,"y":-39.05,"x":124.55},"tweenEasing":0,"z":15,"duration":3},{"transform":{"pY":-0.15,"skY":52.62,"scY":0.999908,"skX":52.62,"pX":0.05,"scX":0.999908,"y":-39.05,"x":124.55},"tweenEasing":0,"z":15,"duration":6},{"transform":{"pY":-0.05,"skY":31.1,"scY":0.999908,"skX":31.1,"pX":0.05,"scX":0.999908,"y":-39.15,"x":124.55},"z":15,"duration":1},{"transform":{"pY":-0.15,"skY":13.9,"scY":0.999893,"skX":13.9,"pX":0.1,"scX":-0.999893,"y":-241.2,"x":158.05},"z":15,"duration":3},{"displayIndex":-1,"duration":3},{"transform":{"pY":-0.15,"skY":-118.9,"scY":0.999908,"skX":-118.9,"pX":0,"scX":0.999908,"y":-240.7,"x":217.05},"z":15,"duration":3}],"offset":0,"scale":1,"name":"dao"},{"frame":[{"transform":{"pY":0,"skY":25.21,"scY":1,"skX":25.21,"pX":0,"scX":1,"y":-125.3,"x":-96.65},"z":16,"duration":2},{"transform":{"pY":0,"skY":40.96,"scY":0.999985,"skX":40.96,"pX":0,"scX":-1.151794,"y":-175.4,"x":74.85},"z":16,"displayIndex":1,"duration":2},{"transform":{"pY":-0.05,"skY":45.41,"scY":0.999985,"skX":45.41,"pX":-0.05,"scX":-1.151779,"y":-167.55,"x":70.55},"z":16,"displayIndex":1,"duration":2},{"transform":{"pY":0,"skY":48.89,"scY":0.999985,"skX":48.89,"pX":0,"scX":-1.151779,"y":-163.75,"x":70.25},"z":16,"displayIndex":1,"duration":2},{"transform":{"pY":0,"skY":9.97,"scY":1.000015,"skX":9.97,"pX":-0.1,"scX":-1.151794,"y":-197.4,"x":89.75},"z":16,"displayIndex":1,"duration":2},{"transform":{"pY":0,"skY":0,"scY":1,"skX":0,"pX":0,"scX":1,"y":-189.35,"x":-7.2},"event":"skill2_1","z":16,"displayIndex":2,"duration":2},{"transform":{"pY":0,"skY":0,"scY":1,"skX":0,"pX":0,"scX":1,"y":-172.4,"x":-7.15},"event":"skill2_2","z":16,"displayIndex":3,"duration":2},{"transform":{"pY":0,"skY":0,"scY":1,"skX":0,"pX":0,"scX":1,"y":-185.7,"x":-9.85},"event":"skill2_3","z":16,"displayIndex":4,"duration":1},{"transform":{"pY":0,"skY":0,"scY":1,"skX":0,"pX":0,"scX":1,"y":-178.9,"x":-3},"z":16,"displayIndex":5,"duration":2},{"transform":{"pY":0,"skY":0,"scY":1,"skX":0,"pX":0,"scX":1,"y":-174.35,"x":6.9},"event":"skill2_1","z":16,"displayIndex":6,"duration":2},{"transform":{"pY":0,"skY":0,"scY":1,"skX":0,"pX":0,"scX":1,"y":-183.95,"x":-2.6},"event":"skill2_2","z":16,"displayIndex":7,"duration":2},{"transform":{"pY":0,"skY":0,"scY":1,"skX":0,"pX":0,"scX":1,"y":-178.6,"x":-71.4},"event":"skill2_3","z":16,"displayIndex":8,"duration":2},{"transform":{"pY":0,"skY":0,"scY":1,"skX":0,"pX":0,"scX":1,"y":-175.4,"x":14.5},"z":16,"displayIndex":3,"duration":1},{"transform":{"pY":0,"skY":0,"scY":1,"skX":0,"pX":0,"scX":1,"y":-185.7,"x":10.15},"z":16,"displayIndex":4,"duration":2},{"transform":{"pY":0,"skY":0,"scY":1,"skX":0,"pX":0,"scX":1,"y":-184.15,"x":10.45},"z":16,"displayIndex":9,"duration":2},{"transform":{"pY":0,"skY":-74.52,"scY":0.999985,"skX":-74.52,"pX":0,"scX":-0.999985,"y":-211.85,"x":203.3},"z":16,"duration":2},{"transform":{"pY":-0.2,"skY":-171.82,"scY":0.999985,"skX":-171.82,"pX":0,"scX":-0.999985,"y":-424.8,"x":19.25},"z":16,"duration":2},{"transform":{"pY":-0.05,"skY":128.9,"scY":0.999969,"skX":128.9,"pX":0,"scX":-0.999969,"y":-415.4,"x":-126.75},"z":16,"duration":3},{"transform":{"pY":-0.05,"skY":154.09,"scY":0.999954,"skX":154.09,"pX":0.05,"scX":-0.999954,"y":-429.35,"x":59.7},"z":16,"duration":1},{"transform":{"pY":0,"skY":156.3,"scY":0.999954,"skX":156.3,"pX":-0.05,"scX":-0.999954,"y":-405.65,"x":96.25},"z":16,"duration":2},{"transform":{"pY":0,"skY":-11.19,"scY":0.999985,"skX":-11.19,"pX":0.05,"scX":-0.999985,"y":-20.65,"x":259.45},"event":"skill2_fly","z":16,"duration":2},{"transform":{"pY":0,"skY":-13.66,"scY":0.999985,"skX":-13.66,"pX":0.05,"scX":-0.999985,"y":-32.65,"x":269.45},"z":16,"duration":2},{"transform":{"pY":-0.05,"skY":-8.92,"scY":0.999954,"skX":-8.92,"pX":0.05,"scX":-0.999954,"y":-15.75,"x":259.45},"z":16,"duration":2},{"transform":{"pY":-0.05,"skY":-8.92,"scY":0.999954,"skX":-8.92,"pX":0.05,"scX":-0.999954,"y":-15.75,"x":259.45},"z":16,"duration":10},{"transform":{"pY":0,"skY":28.27,"scY":0.999969,"skX":28.27,"pX":0.1,"scX":-0.999969,"y":-149.8,"x":253.4},"z":16,"duration":3},{"displayIndex":-1,"duration":3},{"transform":{"pY":-0.2,"skY":-43.18,"scY":0.999939,"skX":-43.18,"pX":0,"scX":0.999939,"y":-115.05,"x":155.6},"z":16,"duration":3}],"offset":0,"scale":1,"name":"youbi jian"},{"frame":[{"transform":{"pY":0,"skY":22.94,"scY":1,"skX":22.94,"pX":0,"scX":1,"y":-262.45,"x":-18},"z":17,"duration":2},{"transform":{"pY":0,"skY":35.98,"scY":1,"skX":35.98,"pX":0,"scX":-1,"y":-185.55,"x":24.6},"z":17,"displayIndex":1,"duration":2},{"transform":{"pY":0,"skY":40.43,"scY":1,"skX":40.43,"pX":0,"scX":-1,"y":-181.55,"x":21.3},"z":17,"displayIndex":1,"duration":2},{"transform":{"pY":0.05,"skY":43.91,"scY":1.000015,"skX":43.91,"pX":0,"scX":-1.000015,"y":-180.75,"x":21.95},"z":17,"displayIndex":1,"duration":2},{"transform":{"pY":0.1,"skY":5.26,"scY":1,"skX":5.26,"pX":0.1,"scX":-1,"y":-180.15,"x":41.55},"z":17,"displayIndex":1,"duration":2},{"displayIndex":-1,"duration":18},{"transform":{"pY":-0.15,"skY":-101.84,"scY":1.1306,"skX":-101.84,"pX":0,"scX":1.145767,"y":-168.9,"x":48.55},"z":17,"duration":2},{"transform":{"pY":-0.1,"skY":-174.54,"scY":1.130569,"skX":-174.54,"pX":-0.05,"scX":1.145752,"y":-266.45,"x":3},"z":17,"duration":2},{"transform":{"pY":-0.1,"skY":155.46,"scY":1.130569,"skX":155.46,"pX":0.05,"scX":1.145737,"y":-297.5,"x":-41.45},"z":17,"duration":3},{"transform":{"pY":-0.05,"skY":170.46,"scY":1.130569,"skX":170.46,"pX":0,"scX":1.145752,"y":-279,"x":89.25},"z":17,"duration":1},{"transform":{"pY":-0.15,"skY":175.21,"scY":1.130554,"skX":175.21,"pX":0.05,"scX":1.145782,"y":-257.05,"x":122.25},"z":17,"duration":2},{"transform":{"pY":-0.15,"skY":-86.07,"scY":1.130554,"skX":-86.07,"pX":0,"scX":1.145752,"y":-113.35,"x":125.15},"z":17,"duration":2},{"transform":{"pY":-0.1,"skY":-92.06,"scY":1.130554,"skX":-92.06,"pX":0,"scX":1.145752,"y":-122.05,"x":125.6},"z":17,"duration":2},{"transform":{"pY":-0.05,"skY":-86.34,"scY":1.130524,"skX":-86.34,"pX":0.05,"scX":1.145752,"y":-113,"x":123.1},"z":17,"duration":12},{"transform":{"pY":-0.1,"skY":-95.87,"scY":1.130524,"skX":-95.87,"pX":-0.05,"scX":1.145737,"y":-145.15,"x":105.85},"z":17,"duration":3},{"transform":{"pY":0,"skY":-70.59,"scY":0.999954,"skX":-70.59,"pX":0,"scX":0.999954,"y":-238.85,"x":220.35},"z":17,"displayIndex":2,"duration":3},{"transform":{"pY":-0.05,"skY":-72.95,"scY":1.130493,"skX":-72.95,"pX":-0.1,"scX":1.043839,"y":-182.65,"x":31.8},"z":17,"duration":3}],"offset":0,"scale":1,"name":44},{"frame":[{"transform":{"pY":0,"skY":23.24,"scY":1.000015,"skX":23.24,"pX":0,"scX":1.000015,"y":-206.35,"x":-42.65},"z":18,"duration":2},{"transform":{"pY":0,"skY":0,"scY":1,"skX":0,"pX":0,"scX":1,"y":-275.7,"x":-15.9},"z":18,"displayIndex":1,"duration":2},{"transform":{"pY":0,"skY":4.25,"scY":1.000015,"skX":4.25,"pX":0,"scX":1.000015,"y":-277.65,"x":-13.65},"z":18,"displayIndex":1,"duration":2},{"transform":{"pY":0,"skY":9.72,"scY":1,"skX":9.72,"pX":0,"scX":1,"y":-277.05,"x":-2.1},"z":18,"displayIndex":1,"duration":2},{"transform":{"pY":0,"skY":-25.26,"scY":0.999985,"skX":-25.26,"pX":0,"scX":0.999985,"y":-251.55,"x":-25.85},"z":18,"displayIndex":1,"duration":2},{"displayIndex":-1,"duration":18},{"transform":{"pY":0,"skY":-42.72,"scY":1.062607,"skX":-42.72,"pX":0,"scX":1.062607,"y":-187.05,"x":187.55},"z":18,"displayIndex":2,"duration":2},{"transform":{"pY":0,"skY":-118.91,"scY":1.062607,"skX":-118.91,"pX":-0.05,"scX":1.062607,"y":-409.55,"x":34.4},"z":18,"displayIndex":2,"duration":2},{"transform":{"pY":0,"skY":-178.91,"scY":1.062592,"skX":-178.91,"pX":0,"scX":1.062592,"y":-426.2,"x":-99.55},"z":18,"displayIndex":2,"duration":3},{"transform":{"pY":0.05,"skY":-163.92,"scY":1.062607,"skX":-163.91,"pX":0,"scX":1.062607,"y":-426.25,"x":82.55},"z":18,"displayIndex":2,"duration":1},{"transform":{"pY":0,"skY":-163.92,"scY":1.062607,"skX":-163.91,"pX":0.05,"scX":1.062607,"y":-401.75,"x":125.05},"z":18,"displayIndex":2,"duration":2},{"displayIndex":-1,"duration":19},{"transform":{"pY":0,"skY":1.1,"scY":0.999908,"skX":1.1,"pX":0,"scX":0.999908,"y":-382.75,"x":217},"z":18,"displayIndex":3,"duration":3},{"transform":{"pY":-0.1,"skY":-42.72,"scY":0.999969,"skX":-42.72,"pX":0,"scX":0.999969,"y":-144.6,"x":164.05},"z":18,"displayIndex":2,"duration":3}],"offset":0,"scale":1,"name":45},{"frame":[{"transform":{"pY":0,"skY":23.24,"scY":1.000015,"skX":23.24,"pX":0,"scX":1.000015,"y":-126.4,"x":-60.85},"z":19,"duration":2},{"transform":{"pY":0,"skY":0,"scY":1,"skX":0,"pX":0,"scX":1,"y":-207.95,"x":-28.55},"z":19,"displayIndex":1,"duration":2},{"transform":{"pY":0,"skY":4.25,"scY":1.000015,"skX":4.25,"pX":0,"scX":1.000015,"y":-211,"x":-31.25},"z":19,"displayIndex":1,"duration":2},{"transform":{"pY":0,"skY":9.72,"scY":1,"skX":9.72,"pX":0,"scX":1,"y":-212.4,"x":-25.95},"z":19,"displayIndex":1,"duration":2},{"transform":{"pY":0,"skY":-25.26,"scY":0.999985,"skX":-25.26,"pX":0,"scX":0.999985,"y":-184.9,"x":-8.3},"z":19,"displayIndex":1,"duration":2},{"displayIndex":-1,"duration":4},{"transform":{"pY":0,"skY":7.8,"scY":1.104568,"skX":7.8,"pX":0,"scX":1.104568,"y":-225.55,"x":-127.55},"z":19,"displayIndex":2,"duration":1},{"transform":{"pY":0,"skY":0,"scY":1,"skX":0,"pX":0,"scX":1,"y":-148.5,"x":-75.7},"z":19,"displayIndex":3,"duration":2},{"displayIndex":-1,"duration":7},{"transform":{"pY":0,"skY":9.87,"scY":1.104568,"skX":9.87,"pX":0,"scX":1.104568,"y":-234.8,"x":-95.6},"z":19,"displayIndex":2,"duration":2},{"displayIndex":-1,"duration":2},{"transform":{"pY":0,"skY":-79.9,"scY":1.000015,"skX":-87.73,"pX":0,"scX":0.953217,"y":-183.5,"x":102.2},"z":19,"displayIndex":4,"duration":2},{"transform":{"pY":-0.1,"skY":-156.09,"scY":0.999985,"skX":-163.92,"pX":0,"scX":0.953201,"y":-325.8,"x":17.55},"z":19,"displayIndex":4,"duration":2},{"transform":{"pY":-0.1,"skY":166.31,"scY":0.999969,"skX":166.37,"pX":0.05,"scX":0.944321,"y":-346.85,"x":-68.8},"z":19,"displayIndex":4,"duration":3},{"transform":{"pY":0,"skY":-173.25,"scY":0.999969,"skX":-173.19,"pX":0.05,"scX":0.944305,"y":-346.8,"x":84.75},"z":19,"displayIndex":4,"duration":1},{"transform":{"pY":0,"skY":-170,"scY":0.999954,"skX":-169.94,"pX":0.1,"scX":0.94429,"y":-314.2,"x":123.75},"z":19,"displayIndex":4,"duration":2},{"displayIndex":-1,"duration":19},{"transform":{"pY":0,"skY":-122.4,"scY":1.130508,"skX":-122.4,"pX":0,"scX":1.043823,"y":-162.25,"x":112.35},"z":19,"displayIndex":5,"duration":3},{"transform":{"pY":-0.05,"skY":-64.9,"scY":1,"skX":-72.73,"pX":-0.1,"scX":0.953201,"y":-165.25,"x":84.4},"z":19,"displayIndex":4,"duration":3}],"offset":0,"scale":1,"name":46},{"frame":[{"transform":{"pY":0,"skY":24.23,"scY":1,"skX":24.23,"pX":0,"scX":1,"y":-259.25,"x":74.85},"z":20,"duration":2},{"transform":{"pY":0.05,"skY":-2.05,"scY":0.832443,"skX":-2.05,"pX":0.1,"scX":1.000015,"y":-325.3,"x":50.5},"z":20,"duration":2},{"transform":{"pY":0,"skY":2.66,"scY":0.832413,"skX":2.66,"pX":0,"scX":0.999985,"y":-318.8,"x":59.4},"z":20,"duration":2},{"transform":{"pY":0,"skY":5.67,"scY":0.832443,"skX":5.67,"pX":-0.15,"scX":1.000015,"y":-314.8,"x":74.3},"z":20,"duration":2},{"transform":{"pY":-0.05,"skY":-29.26,"scY":0.832428,"skX":-29.26,"pX":-0.15,"scX":1.000015,"y":-322.6,"x":22.65},"z":20,"duration":2},{"displayIndex":-1,"duration":2},{"transform":{"pY":0,"skY":0,"scY":1,"skX":0,"pX":0,"scX":1,"y":-211.05,"x":-113.8},"z":20,"displayIndex":1,"duration":2},{"transform":{"pY":0,"skY":0,"scY":1,"skX":0,"pX":0,"scX":1,"y":-179.6,"x":-9.75},"z":20,"displayIndex":2,"duration":1},{"transform":{"pY":0,"skY":-16.29,"scY":1.000015,"skX":-16.29,"pX":0,"scX":1.000015,"y":-152.4,"x":52.6},"z":20,"displayIndex":2,"duration":2},{"displayIndex":-1,"duration":6},{"transform":{"pY":0,"skY":0,"scY":1,"skX":0,"pX":0,"scX":1,"y":-215.65,"x":-90.8},"z":20,"displayIndex":1,"duration":1},{"transform":{"pY":0,"skY":0,"scY":1,"skX":0,"pX":0,"scX":1,"y":-182.6,"x":10.25},"z":20,"displayIndex":2,"duration":2},{"displayIndex":-1,"duration":2},{"transform":{"pY":-0.15,"skY":-100.51,"scY":0.985138,"skX":-101.06,"pX":-0.05,"scX":1.034149,"y":-262.65,"x":-17.75},"z":20,"duration":2},{"transform":{"pY":-0.2,"skY":-170.83,"scY":1.082275,"skX":-173.98,"pX":-0.1,"scX":1.034164,"y":-243.65,"x":-80.05},"z":20,"duration":2},{"transform":{"pY":-0.2,"skY":154.96,"scY":1.085663,"skX":149.42,"pX":0,"scX":1.034149,"y":-226.6,"x":-102.05},"z":20,"duration":3},{"transform":{"pY":-0.15,"skY":-179.24,"scY":1.085648,"skX":175.22,"pX":-0.05,"scX":1.034149,"y":-243.6,"x":2},"z":20,"duration":1},{"transform":{"pY":-0.1,"skY":-178.21,"scY":1.081146,"skX":179.91,"pX":-0.1,"scX":1.034164,"y":-220.6,"x":35.45},"z":20,"duration":2},{"transform":{"pY":0,"skY":0,"scY":1,"skX":0,"pX":0,"scX":1,"y":-140.25,"x":154.15},"z":20,"displayIndex":3,"duration":2},{"transform":{"pY":0,"skY":-4.2,"scY":1.000031,"skX":-4.2,"pX":0,"scX":1.000031,"y":-146.25,"x":154.15},"z":20,"displayIndex":3,"duration":2},{"transform":{"pY":0,"skY":0,"scY":1,"skX":0,"pX":0,"scX":1,"y":-140.25,"x":154.15},"z":20,"displayIndex":3,"duration":12},{"transform":{"pY":0,"skY":0,"scY":1,"skX":0,"pX":0,"scX":1,"y":-210.2,"x":77.65},"z":20,"displayIndex":4,"duration":3},{"transform":{"pY":0,"skY":-36.24,"scY":0.999985,"skX":-36.24,"pX":0.05,"scX":0.999985,"y":-202.2,"x":67.5},"z":20,"displayIndex":4,"duration":3},{"transform":{"pY":-0.1,"skY":-67.33,"scY":1.081146,"skX":-69.21,"pX":-0.2,"scX":1.034149,"y":-274,"x":27.95},"z":20,"duration":3}],"offset":0,"scale":1,"name":420}],"scale":1,"fadeInTime":0,"duration":63,"autoTween":0,"name":"jineng2","loop":1}],"name":"guaiwu003","skin":[{"slot":[{"display":[{"transform":{"skY":0,"scY":1,"skX":0,"scX":1,"y":64.6,"x":-0.2},"type":"armature","name":"sc/AS61817_17035"},{"transform":{"skY":0,"scY":1,"skX":0,"scX":1,"y":183.35,"x":59.4},"type":"armature","name":"sc/AS6668_56949"}],"z":0,"parent":18,"name":18},{"display":[{"transform":{"skY":0,"scY":1,"skX":0,"scX":1,"y":44.35,"x":0.1},"type":"armature","name":"sc/AS39192_11026"},{"transform":{"skY":0,"scY":1,"skX":0,"scX":1,"y":64.8,"x":-0.1},"type":"armature","name":"sc/AS61817_17035"}],"z":1,"parent":19,"name":19},{"display":[{"transform":{"pY":0,"skY":0,"scY":1,"skX":0,"pX":0,"scX":1,"y":-27.85,"x":-34.6},"type":"image","name":"sc/AS17648_38330"},{"transform":{"skY":0,"scY":1,"skX":0,"scX":1,"y":44.25,"x":0.05},"type":"armature","name":"sc/AS39192_11026"}],"z":2,"parent":21,"name":21},{"display":[{"transform":{"pY":44.9,"skY":0,"scY":1,"skX":0,"pX":48.35,"scX":1,"y":0,"x":0},"type":"image","name":"sc/AS94706_53119"},{"transform":{"pY":0,"skY":0,"scY":1,"skX":0,"pX":0,"scX":1,"y":-26.5,"x":-33},"type":"image","name":"sc/AS28701_43839"},{"transform":{"skY":0,"scY":1,"skX":0,"scX":1,"y":183.35,"x":59.6},"type":"armature","name":"sc/AS6668_56949"}],"z":3,"parent":22,"name":22},{"display":[{"transform":{"pY":0,"skY":0,"scY":1,"skX":0,"pX":0,"scX":1,"y":-26.5,"x":-33},"type":"image","name":"sc/AS28701_43839"},{"transform":{"pY":0,"skY":0,"scY":1,"skX":0,"pX":0,"scX":1,"y":-21.5,"x":-28},"type":"image","name":"sc/AS24053_98473"},{"transform":{"pY":0,"skY":0,"scY":1,"skX":0,"pX":0,"scX":1,"y":-26.5,"x":-39.6},"type":"image","name":"sc/AS10002_36695"},{"transform":{"pY":25,"skY":0,"scY":1,"skX":0,"pX":23,"scX":1,"y":0,"x":0},"type":"image","name":"sc/AS53258_97328"}],"z":4,"parent":23,"name":23},{"display":[{"transform":{"pY":0,"skY":0,"scY":1,"skX":0,"pX":0,"scX":1,"y":-26.5,"x":-39.5},"type":"image","name":"sc/AS10002_36695"},{"transform":{"pY":0,"skY":0,"scY":1,"skX":0,"pX":0,"scX":1,"y":-60.05,"x":-28},"type":"image","name":"sc/AS39431_57707"}],"z":5,"parent":24,"name":24},{"display":[{"transform":{"pY":0,"skY":0,"scY":1,"skX":0,"pX":0,"scX":1,"y":-60.05,"x":-28},"type":"image","name":"sc/AS39431_57707"},{"transform":{"pY":0,"skY":0,"scY":1,"skX":0,"pX":0,"scX":1,"y":-26.5,"x":-39.5},"type":"image","name":"sc/AS10002_36695"},{"transform":{"pY":25,"skY":0,"scY":1,"skX":0,"pX":23,"scX":1,"y":0,"x":0},"type":"image","name":"sc/AS53258_97328"}],"z":6,"parent":26,"name":26},{"display":[{"transform":{"pY":0,"skY":0,"scY":1,"skX":0,"pX":0,"scX":1,"y":-26.5,"x":-39.5},"type":"image","name":"sc/AS10002_36695"},{"transform":{"pY":68.7,"skY":0,"scY":1,"skX":0,"pX":40.8,"scX":1,"y":64.2,"x":20.35},"type":"image","name":"sc/AS48029_9230"},{"transform":{"pY":24.75,"skY":0,"scY":1,"skX":0,"pX":52.05,"scX":1,"y":11.6,"x":31.4},"type":"image","name":"sc/yyk"},{"transform":{"pY":0,"skY":0,"scY":1,"skX":0,"pX":0,"scX":1,"y":-50.95,"x":-54.55},"type":"image","name":"sc/AS95411_64818"}],"z":7,"parent":25,"name":25},{"display":[{"transform":{"pY":68.7,"skY":0,"scY":1,"skX":0,"pX":40.8,"scX":1,"y":64.25,"x":20.3},"type":"image","name":"sc/AS48029_9230"},{"transform":{"pY":0,"skY":0,"scY":1,"skX":0,"pX":0,"scX":1,"y":-50.95,"x":-54.45},"type":"image","name":"sc/AS95411_64818"},{"transform":{"pY":42.8,"skY":0,"scY":1,"skX":0,"pX":61.3,"scX":1,"y":-0.05,"x":0},"type":"image","name":"sc/yyyyk"},{"transform":{"pY":24.75,"skY":0,"scY":1,"skX":0,"pX":52.05,"scX":1,"y":11.4,"x":31.35},"type":"image","name":"sc/yyk"}],"z":8,"parent":29,"name":29},{"display":[{"transform":{"pY":0,"skY":0,"scY":1,"skX":0,"pX":0,"scX":1,"y":-50.9,"x":-54.55},"type":"image","name":"sc/AS95411_64818"},{"transform":{"pY":71,"skY":0,"scY":1,"skX":0,"pX":67.5,"scX":1,"y":0,"x":0},"type":"image","name":"sc/xx2xx22"},{"transform":{"pY":0,"skY":0,"scY":1,"skX":0,"pX":0,"scX":1,"y":-74,"x":-42.55},"type":"image","name":"sc/AS18500_32954"},{"transform":{"pY":42.8,"skY":0,"scY":1,"skX":0,"pX":61.3,"scX":1,"y":-0.05,"x":-0.05},"type":"image","name":"sc/yyyyk"},{"transform":{"pY":97.95,"skY":0,"scY":1,"skX":0,"pX":63.15,"scX":1,"y":48.95,"x":0},"type":"image","name":"sc/AS40118_87559"}],"z":9,"parent":31,"name":31},{"display":[{"transform":{"pY":97.95,"skY":0,"scY":1,"skX":0,"pX":63.15,"scX":1,"y":48.95,"x":0},"type":"image","name":"sc/AS40118_87559"},{"transform":{"pY":0,"skY":0,"scY":1,"skX":0,"pX":0,"scX":1,"y":-12,"x":-47.75},"type":"image","name":"sc/AS74036_15659"},{"transform":{"pY":0,"skY":0,"scY":1,"skX":0,"pX":0,"scX":1,"y":-74,"x":-42.4},"type":"image","name":"sc/AS18500_32954"}],"z":10,"parent":34,"name":34},{"display":[{"transform":{"pY":0,"skY":0,"scY":1,"skX":0,"pX":0,"scX":1,"y":-12,"x":-47.55},"type":"image","name":"sc/AS74036_15659"},{"transform":{"skY":0,"scY":1,"skX":0,"scX":1,"y":29.5,"x":0},"type":"armature","name":"sc/AS89528_28001"}],"z":11,"parent":35,"name":35},{"display":[{"transform":{"skY":0,"scY":1,"skX":0,"scX":1,"y":29.5,"x":0},"type":"armature","name":"sc/AS89528_28001"},{"transform":{"pY":87,"skY":0,"scY":1,"skX":0,"pX":224,"scX":1,"y":0,"x":0},"type":"image","name":"sc/xx2xx16"},{"transform":{"pY":88,"skY":0,"scY":1,"skX":0,"pX":207.5,"scX":1,"y":0,"x":0},"type":"image","name":"sc/xx2xx17"},{"transform":{"pY":88,"skY":0,"scY":1,"skX":0,"pX":193.5,"scX":1,"y":0,"x":0},"type":"image","name":"sc/xx2xx19"},{"transform":{"pY":150.85,"skY":0,"scY":1,"skX":0,"pX":224.85,"scX":1,"y":0,"x":0},"type":"image","name":"sc/xx2xx21"},{"transform":{"pY":49.3,"skY":0,"scY":1,"skX":0,"pX":161.4,"scX":1,"y":0,"x":0},"type":"image","name":"sc/AS9617_33689"},{"transform":{"skY":0,"scY":1,"skX":0,"scX":1,"y":93.35,"x":0},"type":"armature","name":"sc/AS11751_26211"},{"transform":{"pY":63.5,"skY":0,"scY":1,"skX":0,"pX":139,"scX":1,"y":0,"x":0},"type":"image","name":"sc/AS13229_98360"},{"transform":{"pY":55,"skY":0,"scY":1,"skX":0,"pX":152.5,"scX":1,"y":0,"x":0},"type":"image","name":"sc/AS44730_43988"}],"z":12,"parent":36,"name":36},{"display":[{"transform":{"skY":0,"scY":1,"skX":0,"scX":1,"y":93.4,"x":0},"type":"armature","name":"sc/AS11751_26211"},{"transform":{"skY":0,"scY":1,"skX":0,"scX":1,"y":9.85,"x":-4},"type":"armature","name":"sc/AS28730_60594"},{"transform":{"pY":54.5,"skY":0,"scY":1,"skX":0,"pX":101,"scX":1,"y":0,"x":0},"type":"image","name":"sc/AS89480_95265"},{"transform":{"pY":88,"skY":0,"scY":1,"skX":0,"pX":207.5,"scX":1,"y":0,"x":0},"type":"image","name":"sc/xx2xx17"}],"z":13,"parent":39,"name":39},{"display":[{"transform":{"skY":0,"scY":1,"skX":0,"scX":1,"y":9.9,"x":-4},"type":"armature","name":"sc/AS28730_60594"},{"transform":{"skY":0,"scY":1,"skX":0,"scX":1,"y":62.45,"x":-9},"type":"armature","name":"sc/AS45398_80350"},{"transform":{"pY":80.5,"skY":0,"scY":1,"skX":0,"pX":196.5,"scX":1,"y":0,"x":0},"type":"image","name":"sc/xx2xx13"}],"z":14,"parent":"shou","name":"shou"},{"display":[{"transform":{"skY":0,"scY":1,"skX":0,"scX":1,"y":62.5,"x":-8.95},"type":"armature","name":"sc/AS45398_80350"},{"transform":{"pY":191.1,"skY":0,"scY":1,"skX":0,"pX":247,"scX":1,"y":128,"x":-98.65},"type":"image","name":"sc/AS33629_78838"},{"transform":{"pY":71.5,"skY":0,"scY":1,"skX":0,"pX":219.95,"scX":1,"y":0,"x":0},"type":"image","name":"sc/232323"},{"transform":{"pY":80.5,"skY":0,"scY":1,"skX":0,"pX":196.5,"scX":1,"y":0,"x":0},"type":"image","name":"sc/xx2xx13"},{"transform":{"pY":161,"skY":0,"scY":1,"skX":0,"pX":209.5,"scX":1,"y":0,"x":0},"type":"image","name":"sc/xx2xx9"},{"transform":{"pY":77,"skY":0,"scY":1,"skX":0,"pX":205,"scX":1,"y":0,"x":0},"type":"image","name":"sc/xx2xx20"}],"z":15,"parent":"dao","name":"dao"},{"display":[{"transform":{"pY":191.1,"skY":0,"scY":1,"skX":0,"pX":247,"scX":1,"y":128.05,"x":-98.75},"type":"image","name":"sc/AS33629_78838"},{"transform":{"pY":0,"skY":0,"scY":1,"skX":0,"pX":0,"scX":1,"y":-32.65,"x":-37.4},"type":"image","name":"sc/AS35165_74429"},{"transform":{"pY":202,"skY":0,"scY":1,"skX":0,"pX":196.5,"scX":1,"y":0,"x":0},"type":"image","name":"sc/xx2xx6"},{"transform":{"pY":183.5,"skY":0,"scY":1,"skX":0,"pX":163,"scX":1,"y":0,"x":0},"type":"image","name":"sc/xx2xx14"},{"transform":{"pY":201,"skY":0,"scY":1,"skX":0,"pX":181,"scX":1,"y":0,"x":0},"type":"image","name":"sc/xx2xx18"},{"transform":{"pY":192,"skY":0,"scY":1,"skX":0,"pX":190,"scX":1,"y":0,"x":0},"type":"image","name":"sc/xx2xx15"},{"transform":{"pY":187,"skY":0,"scY":1,"skX":0,"pX":271,"scX":1,"y":0,"x":0},"type":"image","name":"sc/xx2xx7"},{"transform":{"pY":201,"skY":0,"scY":1,"skX":0,"pX":228,"scX":1,"y":0,"x":0},"type":"image","name":"sc/xx2xx10"},{"transform":{"pY":191,"skY":0,"scY":1,"skX":0,"pX":250,"scX":1,"y":0,"x":0},"type":"image","name":"sc/xx2xx8"},{"transform":{"pY":198.5,"skY":0,"scY":1,"skX":0,"pX":216.5,"scX":1,"y":0,"x":0},"type":"image","name":"sc/xx2xx11"}],"z":16,"parent":"youbi jian","name":"youbi jian"},{"display":[{"transform":{"skY":0,"scY":1,"skX":0,"scX":1,"y":44.25,"x":0.1},"type":"armature","name":"sc/AS39192_11026"},{"transform":{"pY":0,"skY":0,"scY":1,"skX":0,"pX":0,"scX":1,"y":-35.55,"x":-33.6},"type":"image","name":"sc/AS45925_9393"},{"transform":{"pY":191.1,"skY":0,"scY":1,"skX":0,"pX":247,"scX":1,"y":127.9,"x":-98.65},"type":"image","name":"sc/AS33629_78838"}],"z":17,"parent":44,"name":44},{"display":[{"transform":{"pY":138,"skY":0,"scY":1,"skX":0,"pX":44.05,"scX":1,"y":68.95,"x":0},"type":"image","name":"sc/AS43233_64112"},{"transform":{"pY":60.05,"skY":0,"scY":1,"skX":0,"pX":77.95,"scX":1,"y":0,"x":0},"type":"image","name":"sc/xx2xx12"},{"transform":{"pY":0,"skY":0,"scY":1,"skX":0,"pX":0,"scX":1,"y":-28.9,"x":-32.45},"type":"image","name":"sc/AS13163_15348"},{"transform":{"skY":0,"scY":1,"skX":0,"scX":1,"y":62.35,"x":-8.85},"type":"armature","name":"sc/AS45398_80350"}],"z":18,"parent":45,"name":45},{"display":[{"transform":{"pY":0,"skY":0,"scY":1,"skX":0,"pX":0,"scX":1,"y":-28.95,"x":-32.4},"type":"image","name":"sc/AS13163_15348"},{"transform":{"pY":40.15,"skY":0,"scY":1,"skX":0,"pX":31.85,"scX":1,"y":0,"x":0},"type":"image","name":"sc/xx2xx1"},{"transform":{"pY":71.5,"skY":0,"scY":1,"skX":0,"pX":219.95,"scX":1,"y":0,"x":0},"type":"image","name":"sc/232323"},{"transform":{"pY":35.5,"skY":0,"scY":1,"skX":0,"pX":224,"scX":1,"y":0,"x":0},"type":"image","name":"sc/xx2xx5"},{"transform":{"pY":138,"skY":0,"scY":1,"skX":0,"pX":44.05,"scX":1,"y":69.05,"x":0.1},"type":"image","name":"sc/AS43233_64112"},{"transform":{"skY":0,"scY":1,"skX":0,"scX":1,"y":44.25,"x":0},"type":"armature","name":"sc/AS39192_11026"}],"z":19,"parent":46,"name":46},{"display":[{"transform":{"skY":0,"scY":1,"skX":0,"scX":1,"y":64.7,"x":-0.05},"type":"armature","name":"sc/AS61817_17035"},{"transform":{"pY":39,"skY":0,"scY":1,"skX":0,"pX":50,"scX":1,"y":0,"x":0},"type":"image","name":"sc/xx2xx2"},{"transform":{"pY":28,"skY":0,"scY":1,"skX":0,"pX":54.5,"scX":1,"y":0,"x":0},"type":"image","name":"sc/xx2xx3"},{"transform":{"pY":143,"skY":0,"scY":1,"skX":0,"pX":114.5,"scX":1,"y":0,"x":0},"type":"image","name":"sc/xx2xx4"},{"transform":{"pY":107.85,"skY":0,"scY":1,"skX":0,"pX":144.6,"scX":1,"y":5,"x":62},"type":"image","name":"sc/sdff"}],"z":20,"parent":420,"name":420}],"name":"default"}]},{"bone":[{"transform":{"skY":0,"scY":1,"skX":0,"scX":1,"y":-64.5,"x":0.15},"name":"图层 1"}],"animation":[{"tweenEasing":null,"timeline":[{"frame":[{"transform":{"pY":0,"skY":0,"scY":1,"skX":0,"pX":0,"scX":1,"y":-64.5,"x":0.15},"z":0,"duration":3}],"offset":0,"scale":1,"name":"图层 1"}],"scale":1,"fadeInTime":0,"duration":3,"autoTween":1,"name":"unnamed","loop":1}],"name":"sc/AS61817_17035","skin":[{"slot":[{"display":[{"transform":{"pY":0,"skY":0,"scY":1,"skX":0,"pX":0,"scX":1,"y":-65,"x":-79},"type":"image","name":"sc/001"}],"z":0,"parent":"图层 1","name":"图层 1"}],"name":"default"}]},{"bone":[{"transform":{"skY":0,"scY":1,"skX":0,"scX":1,"y":-56.75,"x":0},"name":"图层 1"}],"animation":[{"tweenEasing":null,"timeline":[{"frame":[{"transform":{"pY":0,"skY":0,"scY":1,"skX":0,"pX":0,"scX":1,"y":-56.75,"x":0},"z":0,"duration":3}],"offset":0,"scale":1,"name":"图层 1"}],"scale":1,"fadeInTime":0,"duration":3,"autoTween":1,"name":"unnamed","loop":1}],"name":"sc/AS6668_56949","skin":[{"slot":[{"display":[{"transform":{"pY":0,"skY":0,"scY":1,"skX":0,"pX":0,"scX":1,"y":-57,"x":-57},"type":"image","name":"sc/005"}],"z":0,"parent":"图层 1","name":"图层 1"}],"name":"default"}]},{"bone":[{"transform":{"skY":0,"scY":1,"skX":0,"scX":1,"y":-43.9,"x":0.3},"name":"图层 1"}],"animation":[{"tweenEasing":null,"timeline":[{"frame":[{"transform":{"pY":0,"skY":0,"scY":1,"skX":0,"pX":0,"scX":1,"y":-43.9,"x":0.3},"z":0,"duration":3}],"offset":0,"scale":1,"name":"图层 1"}],"scale":1,"fadeInTime":0,"duration":3,"autoTween":1,"name":"unnamed","loop":1}],"name":"sc/AS39192_11026","skin":[{"slot":[{"display":[{"transform":{"pY":0,"skY":0,"scY":1,"skX":0,"pX":0,"scX":1,"y":-44.5,"x":-69.5},"type":"image","name":"sc/003"}],"z":0,"parent":"图层 1","name":"图层 1"}],"name":"default"}]},{"bone":[{"transform":{"skY":0,"scY":1,"skX":0,"scX":1,"y":-29.5,"x":0.15},"name":"图层 3"}],"animation":[{"tweenEasing":null,"timeline":[{"frame":[{"transform":{"pY":0,"skY":0,"scY":1,"skX":0,"pX":0,"scX":1,"y":-29.5,"x":0.15},"z":0,"duration":3}],"offset":0,"scale":1,"name":"图层 3"}],"scale":1,"fadeInTime":0,"duration":3,"autoTween":1,"name":"unnamed","loop":1}],"name":"sc/AS89528_28001","skin":[{"slot":[{"display":[{"transform":{"pY":0,"skY":0,"scY":1,"skX":0,"pX":0,"scX":1,"y":-29.5,"x":-34},"type":"image","name":"sc/008"}],"z":0,"parent":"图层 3","name":"图层 3"}],"name":"default"}]},{"bone":[{"transform":{"skY":0,"scY":1,"skX":0,"scX":1,"y":-93.25,"x":-0.2},"name":"图层 4"}],"animation":[{"tweenEasing":null,"timeline":[{"frame":[{"transform":{"pY":0,"skY":0,"scY":1,"skX":0,"pX":0,"scX":1,"y":-93.25,"x":-0.2},"z":0,"duration":3}],"offset":0,"scale":1,"name":"图层 4"}],"scale":1,"fadeInTime":0,"duration":3,"autoTween":1,"name":"unnamed","loop":1}],"name":"sc/AS11751_26211","skin":[{"slot":[{"display":[{"transform":{"pY":0,"skY":0,"scY":1,"skX":0,"pX":0,"scX":1,"y":-93.5,"x":-204},"type":"image","name":"sc/004"}],"z":0,"parent":"图层 4","name":"图层 4"}],"name":"default"}]},{"bone":[{"transform":{"skY":0,"scY":1,"skX":0,"scX":1,"y":-35.9,"x":0.25},"name":"图层 1"}],"animation":[{"tweenEasing":null,"timeline":[{"frame":[{"transform":{"pY":0,"skY":0,"scY":1,"skX":0,"pX":0,"scX":1,"y":-35.9,"x":0.25},"z":0,"duration":3}],"offset":0,"scale":1,"name":"图层 1"}],"scale":1,"fadeInTime":0,"duration":3,"autoTween":1,"name":"unnamed","loop":1}],"name":"sc/AS28730_60594","skin":[{"slot":[{"display":[{"transform":{"pY":0,"skY":0,"scY":1,"skX":0,"pX":0,"scX":1,"y":-36,"x":-32},"type":"image","name":"sc/AS35198_36533"}],"z":0,"parent":"图层 1","name":"图层 1"}],"name":"default"}]},{"bone":[{"transform":{"skY":0,"scY":1,"skX":0,"scX":1,"y":-32.05,"x":-1.65},"name":"图层 1"}],"animation":[{"tweenEasing":null,"timeline":[{"frame":[{"transform":{"pY":0,"skY":0,"scY":1,"skX":0,"pX":0,"scX":1,"y":-32.05,"x":-1.65},"z":0,"duration":3}],"offset":0,"scale":1,"name":"图层 1"}],"scale":1,"fadeInTime":0,"duration":3,"autoTween":1,"name":"unnamed","loop":1}],"name":"sc/AS45398_80350","skin":[{"slot":[{"display":[{"transform":{"pY":0,"skY":0,"scY":1,"skX":0,"pX":0,"scX":1,"y":-31.5,"x":-23},"type":"image","name":"sc/222"}],"z":0,"parent":"图层 1","name":"图层 1"}],"name":"default"}]}],"frameRate":24,"name":"guaiwu003","version":2.3}