{"imagePath":"zhujue2_texture.png","name":"zhujue2","SubTexture":[{"height":200,"name":"zhujue-sc/1_16-1","x":339,"y":594,"width":173},{"height":184,"name":"zhujue-sc/1_16-2","x":0,"y":845,"width":162},{"height":147,"name":"zhujue-sc/1_16-3","x":1039,"y":879,"width":191},{"height":133,"name":"zhujue-sc/1_16-4","x":1066,"y":491,"width":263},{"height":168,"name":"zhujue-sc/1_16-5","x":0,"y":675,"width":196},{"height":118,"name":"zhujue-sc/1_16-6","x":1065,"y":626,"width":276},{"height":150,"name":"zhujue-sc/1_16-7","x":835,"y":561,"width":228},{"height":124,"name":"zhujue-sc/1_16-8","x":814,"y":877,"width":223},{"height":131,"name":"zhujue-sc/1_16-9","x":1048,"y":746,"width":243},{"height":178,"name":"zhujue-sc/1_16-10","x":317,"y":978,"width":133},{"height":148,"name":"zhujue-sc/1_16-11","x":1764,"y":675,"width":243},{"height":160,"name":"zhujue-sc/1_16-12","x":164,"y":1000,"width":127},{"height":199,"name":"zhujue-sc/1_16-25","x":1810,"y":254,"width":211},{"height":224,"name":"zhujue-sc/1_16-26","x":351,"y":368,"width":177},{"height":224,"name":"zhujue-sc/1_16-27","x":686,"y":729,"width":126},{"height":236,"name":"zhujue-sc/1_16-28","x":1331,"y":244,"width":97},{"height":262,"name":"zhujue-sc/1_16-29","x":608,"y":144,"width":94},{"height":222,"name":"zhujue-sc/1_16-30","x":409,"y":144,"width":197},{"height":197,"name":"zhujue-sc/1_16-31","x":934,"y":137,"width":225},{"height":275,"name":"zhujue-sc/1_16-32","x":0,"y":0,"width":207},{"height":265,"name":"zhujue-sc/1_16-33","x":209,"y":0,"width":198},{"height":124,"name":"sucai/2_17-body2-1","x":1433,"y":941,"width":103},{"height":104,"name":"sucai/2_17-body2-2","x":0,"y":1031,"width":135},{"height":95,"name":"sucai/2_17-body2-3","x":1433,"y":1066,"width":113},{"height":93,"name":"sucai/2_17-body2-5","x":950,"y":1028,"width":183},{"height":91,"name":"sucai/2_17-body2-6","x":452,"y":993,"width":221},{"height":93,"name":"sucai/2_17-body2-7","x":1710,"y":972,"width":238},{"height":89,"name":"sucai/2_17-body2-8","x":1293,"y":851,"width":261},{"height":68,"name":"sucai/2_17-body2-9","x":1710,"y":1066,"width":178},{"height":218,"name":"sucai/3_18-renwu-1","x":1810,"y":455,"width":180},{"height":162,"name":"sucai/3_18-renwu-2","x":1556,"y":928,"width":152},{"height":180,"name":"sucai/3_18-renwu-3","x":317,"y":796,"width":183},{"height":207,"name":"sucai/3_18-renwu-4","x":0,"y":277,"width":197},{"height":230,"name":"sucai/3_18-renwu-5","x":1625,"y":243,"width":183},{"height":233,"name":"sucai/3_18-renwu-6","x":1430,"y":480,"width":149},{"height":227,"name":"sucai/3_18-renwu-7","x":198,"y":771,"width":117},{"height":235,"name":"sucai/3_18-renwu-8","x":198,"y":534,"width":139},{"height":238,"name":"sucai/3_18-renwu-9","x":1445,"y":240,"width":178},{"height":239,"name":"sucai/3_18-renwu-10","x":704,"y":235,"width":179},{"height":241,"name":"sucai/3_18-renwu-11","x":1645,"y":0,"width":189},{"height":242,"name":"sucai/3_18-renwu-12","x":1245,"y":0,"width":198},{"height":252,"name":"sucai/3_18-renwu-13","x":1836,"y":0,"width":176},{"height":265,"name":"sucai/3_18-renwu-14","x":209,"y":267,"width":140},{"height":245,"name":"sucai/3_18-renwu-15","x":1161,"y":244,"width":168},{"height":193,"name":"sucai/2_17-1","x":514,"y":650,"width":170},{"height":193,"name":"sucai/2_17-2","x":1591,"y":733,"width":159},{"height":162,"name":"sucai/2_17-3","x":835,"y":713,"width":211},{"height":146,"name":"sucai/2_17-4","x":502,"y":845,"width":176},{"height":145,"name":"sucai/2_17-5","x":1752,"y":825,"width":225},{"height":134,"name":"sucai/2_17-6","x":1343,"y":715,"width":246},{"height":142,"name":"sucai/2_17-7","x":409,"y":0,"width":309},{"height":135,"name":"sucai/2_17-8","x":934,"y":0,"width":309},{"height":187,"name":"sucai/2_17-12","x":0,"y":486,"width":196},{"height":170,"name":"sucai/2_17-13","x":680,"y":955,"width":123},{"height":140,"name":"sucai/2_17-14","x":805,"y":1003,"width":143},{"height":138,"name":"sucai/2_17-15","x":1232,"y":941,"width":199},{"height":223,"name":"sucai/2_17-16","x":885,"y":336,"width":179},{"height":240,"name":"sucai/2_17-17","x":530,"y":408,"width":160},{"height":251,"name":"sucai/2_17-18","x":692,"y":476,"width":141},{"height":256,"name":"sucai/2_17-19","x":1625,"y":475,"width":137},{"height":233,"name":"sucai/2_17-20","x":720,"y":0,"width":212},{"height":238,"name":"sucai/2_17-21","x":1445,"y":0,"width":198}]}