{"frameRate":24,"version":2.3,"name":"zhujue2","armature":[{"skin":[{"slot":[{"name":101,"display":[{"name":"zhujue-sc/1_16-1","transform":{"pY":100,"pX":86.5,"scX":1,"skX":0,"x":0,"y":0,"skY":0,"scY":1},"type":"image"},{"name":"zhujue-sc/1_16-2","transform":{"pY":92,"pX":81,"scX":1,"skX":0,"x":0,"y":0,"skY":0,"scY":1},"type":"image"},{"name":"zhujue-sc/1_16-3","transform":{"pY":73.5,"pX":95.5,"scX":1,"skX":0,"x":0,"y":0,"skY":0,"scY":1},"type":"image"},{"name":"zhujue-sc/1_16-4","transform":{"pY":66.5,"pX":131.5,"scX":1,"skX":0,"x":0,"y":0,"skY":0,"scY":1},"type":"image"},{"name":"zhujue-sc/1_16-5","transform":{"pY":84,"pX":98,"scX":1,"skX":0,"x":0,"y":0,"skY":0,"scY":1},"type":"image"},{"name":"zhujue-sc/1_16-6","transform":{"pY":59,"pX":138,"scX":1,"skX":0,"x":0,"y":0,"skY":0,"scY":1},"type":"image"},{"name":"zhujue-sc/1_16-7","transform":{"pY":75,"pX":114,"scX":1,"skX":0,"x":0,"y":0,"skY":0,"scY":1},"type":"image"},{"name":"zhujue-sc/1_16-8","transform":{"pY":62,"pX":111.5,"scX":1,"skX":0,"x":0,"y":0,"skY":0,"scY":1},"type":"image"},{"name":"zhujue-sc/1_16-9","transform":{"pY":65.5,"pX":121.5,"scX":1,"skX":0,"x":0,"y":0,"skY":0,"scY":1},"type":"image"},{"name":"zhujue-sc/1_16-10","transform":{"pY":89,"pX":66.5,"scX":1,"skX":0,"x":0,"y":0,"skY":0,"scY":1},"type":"image"},{"name":"zhujue-sc/1_16-11","transform":{"pY":74,"pX":121.5,"scX":1,"skX":0,"x":0,"y":0,"skY":0,"scY":1},"type":"image"},{"name":"zhujue-sc/1_16-12","transform":{"pY":80,"pX":63.5,"scX":1,"skX":0,"x":0,"y":0,"skY":0,"scY":1},"type":"image"},{"name":"zhujue-sc/1_16-25","transform":{"pY":99.5,"pX":105.5,"scX":1,"skX":0,"x":0,"y":0,"skY":0,"scY":1},"type":"image"},{"name":"zhujue-sc/1_16-26","transform":{"pY":112,"pX":88.5,"scX":1,"skX":0,"x":0,"y":0,"skY":0,"scY":1},"type":"image"},{"name":"zhujue-sc/1_16-27","transform":{"pY":112,"pX":63,"scX":1,"skX":0,"x":0,"y":0,"skY":0,"scY":1},"type":"image"},{"name":"zhujue-sc/1_16-28","transform":{"pY":118,"pX":48.5,"scX":1,"skX":0,"x":0,"y":0,"skY":0,"scY":1},"type":"image"},{"name":"zhujue-sc/1_16-29","transform":{"pY":131,"pX":47,"scX":1,"skX":0,"x":0,"y":0,"skY":0,"scY":1},"type":"image"},{"name":"zhujue-sc/1_16-30","transform":{"pY":111,"pX":98.5,"scX":1,"skX":0,"x":0,"y":0,"skY":0,"scY":1},"type":"image"},{"name":"zhujue-sc/1_16-31","transform":{"pY":98.5,"pX":112.5,"scX":1,"skX":0,"x":0,"y":0,"skY":0,"scY":1},"type":"image"},{"name":"zhujue-sc/1_16-32","transform":{"pY":137.5,"pX":103.5,"scX":1,"skX":0,"x":0,"y":0,"skY":0,"scY":1},"type":"image"},{"name":"zhujue-sc/1_16-33","transform":{"pY":132.5,"pX":99,"scX":1,"skX":0,"x":0,"y":0,"skY":0,"scY":1},"type":"image"},{"name":"sucai/2_17-body2-1","transform":{"pY":61.75,"pX":51.25,"scX":1,"skX":0,"x":0,"y":0,"skY":0,"scY":1},"type":"image"},{"name":"sucai/2_17-body2-2","transform":{"pY":52,"pX":67.5,"scX":1,"skX":0,"x":0,"y":0,"skY":0,"scY":1},"type":"image"},{"name":"sucai/2_17-body2-3","transform":{"pY":47.5,"pX":56.25,"scX":1,"skX":0,"x":0,"y":0,"skY":0,"scY":1},"type":"image"},{"name":"sucai/2_17-body2-5","transform":{"pY":44.25,"pX":111.5,"scX":1,"skX":0,"x":0,"y":0,"skY":0,"scY":1},"type":"image"},{"name":"sucai/2_17-body2-6","transform":{"pY":45.5,"pX":117.75,"scX":1,"skX":0,"x":0,"y":0,"skY":0,"scY":1},"type":"image"},{"name":"sucai/2_17-body2-7","transform":{"pY":51.5,"pX":118.75,"scX":1,"skX":0,"x":0,"y":0,"skY":0,"scY":1},"type":"image"},{"name":"sucai/2_17-body2-8","transform":{"pY":44.25,"pX":130.5,"scX":1,"skX":0,"x":0,"y":0,"skY":0,"scY":1},"type":"image"},{"name":"sucai/2_17-body2-9","transform":{"pY":38.25,"pX":88.75,"scX":1,"skX":0,"x":0,"y":0,"skY":0,"scY":1},"type":"image"},{"name":"sucai/3_18-renwu-1","transform":{"pY":109,"pX":90,"scX":1,"skX":0,"x":0,"y":0,"skY":0,"scY":1},"type":"image"},{"name":"sucai/3_18-renwu-2","transform":{"pY":81,"pX":76,"scX":1,"skX":0,"x":0,"y":0,"skY":0,"scY":1},"type":"image"},{"name":"sucai/3_18-renwu-3","transform":{"pY":90,"pX":91.5,"scX":1,"skX":0,"x":0,"y":0,"skY":0,"scY":1},"type":"image"},{"name":"sucai/3_18-renwu-4","transform":{"pY":103.5,"pX":98.5,"scX":1,"skX":0,"x":0,"y":0,"skY":0,"scY":1},"type":"image"},{"name":"sucai/3_18-renwu-5","transform":{"pY":115,"pX":91.5,"scX":1,"skX":0,"x":0,"y":0,"skY":0,"scY":1},"type":"image"},{"name":"sucai/3_18-renwu-6","transform":{"pY":116.5,"pX":74.5,"scX":1,"skX":0,"x":0,"y":0,"skY":0,"scY":1},"type":"image"},{"name":"sucai/3_18-renwu-7","transform":{"pY":113.5,"pX":58.5,"scX":1,"skX":0,"x":0,"y":0,"skY":0,"scY":1},"type":"image"},{"name":"sucai/3_18-renwu-8","transform":{"pY":117.5,"pX":69.5,"scX":1,"skX":0,"x":0,"y":0,"skY":0,"scY":1},"type":"image"},{"name":"sucai/3_18-renwu-9","transform":{"pY":119,"pX":89,"scX":1,"skX":0,"x":0,"y":0,"skY":0,"scY":1},"type":"image"},{"name":"sucai/3_18-renwu-10","transform":{"pY":119.5,"pX":89.5,"scX":1,"skX":0,"x":0,"y":0,"skY":0,"scY":1},"type":"image"},{"name":"sucai/3_18-renwu-11","transform":{"pY":120.5,"pX":94.5,"scX":1,"skX":0,"x":0,"y":0,"skY":0,"scY":1},"type":"image"},{"name":"sucai/3_18-renwu-12","transform":{"pY":121,"pX":99,"scX":1,"skX":0,"x":0,"y":0,"skY":0,"scY":1},"type":"image"},{"name":"sucai/3_18-renwu-13","transform":{"pY":126,"pX":88,"scX":1,"skX":0,"x":0,"y":0,"skY":0,"scY":1},"type":"image"},{"name":"sucai/3_18-renwu-14","transform":{"pY":132.5,"pX":70,"scX":1,"skX":0,"x":0,"y":0,"skY":0,"scY":1},"type":"image"},{"name":"sucai/3_18-renwu-15","transform":{"pY":122.5,"pX":84,"scX":1,"skX":0,"x":0,"y":0,"skY":0,"scY":1},"type":"image"}],"z":0,"parent":101},{"name":113,"display":[{"name":"sucai/2_17-1","transform":{"pY":96.5,"pX":85,"scX":1,"skX":0,"x":0,"y":0,"skY":0,"scY":1},"type":"image"},{"name":"sucai/2_17-2","transform":{"pY":96.5,"pX":79.5,"scX":1,"skX":0,"x":0,"y":0,"skY":0,"scY":1},"type":"image"},{"name":"sucai/2_17-3","transform":{"pY":81,"pX":105.5,"scX":1,"skX":0,"x":0,"y":0,"skY":0,"scY":1},"type":"image"},{"name":"sucai/2_17-4","transform":{"pY":73,"pX":88,"scX":1,"skX":0,"x":0,"y":0,"skY":0,"scY":1},"type":"image"},{"name":"sucai/2_17-5","transform":{"pY":72.5,"pX":112.5,"scX":1,"skX":0,"x":0,"y":0,"skY":0,"scY":1},"type":"image"},{"name":"sucai/2_17-6","transform":{"pY":67,"pX":123,"scX":1,"skX":0,"x":0,"y":0,"skY":0,"scY":1},"type":"image"},{"name":"sucai/2_17-7","transform":{"pY":71,"pX":154.5,"scX":1,"skX":0,"x":0,"y":0,"skY":0,"scY":1},"type":"image"},{"name":"sucai/2_17-8","transform":{"pY":67.5,"pX":154.5,"scX":1,"skX":0,"x":0,"y":0,"skY":0,"scY":1},"type":"image"},{"name":"sucai/2_17-12","transform":{"pY":93.5,"pX":98,"scX":1,"skX":0,"x":0,"y":0,"skY":0,"scY":1},"type":"image"},{"name":"sucai/2_17-13","transform":{"pY":85,"pX":61.5,"scX":1,"skX":0,"x":0,"y":0,"skY":0,"scY":1},"type":"image"},{"name":"sucai/2_17-14","transform":{"pY":70,"pX":71.5,"scX":1,"skX":0,"x":0,"y":0,"skY":0,"scY":1},"type":"image"},{"name":"sucai/2_17-15","transform":{"pY":69,"pX":99.5,"scX":1,"skX":0,"x":0,"y":0,"skY":0,"scY":1},"type":"image"},{"name":"sucai/2_17-16","transform":{"pY":111.5,"pX":89.5,"scX":1,"skX":0,"x":0,"y":0,"skY":0,"scY":1},"type":"image"},{"name":"sucai/2_17-17","transform":{"pY":120,"pX":80,"scX":1,"skX":0,"x":0,"y":0,"skY":0,"scY":1},"type":"image"},{"name":"sucai/2_17-18","transform":{"pY":125.5,"pX":70.5,"scX":1,"skX":0,"x":0,"y":0,"skY":0,"scY":1},"type":"image"},{"name":"sucai/2_17-19","transform":{"pY":128,"pX":68.5,"scX":1,"skX":0,"x":0,"y":0,"skY":0,"scY":1},"type":"image"},{"name":"sucai/2_17-20","transform":{"pY":116.5,"pX":106,"scX":1,"skX":0,"x":0,"y":0,"skY":0,"scY":1},"type":"image"},{"name":"sucai/2_17-21","transform":{"pY":119,"pX":99,"scX":1,"skX":0,"x":0,"y":0,"skY":0,"scY":1},"type":"image"}],"z":1,"parent":113}],"name":"default"}],"bone":[{"transform":{"scX":1,"skX":0,"x":-0.4,"y":-93.5,"skY":0,"scY":1},"name":101},{"transform":{"scX":1,"skX":0,"x":-10.8,"y":-92.8,"skY":0,"scY":1},"name":113}],"name":"zhujue2","animation":[{"name":"jineng2","tweenEasing":null,"duration":66,"autoTween":0,"fadeInTime":0,"loop":1,"timeline":[{"offset":0,"name":101,"frame":[{"z":0,"transform":{"pY":0,"pX":0,"scX":1,"skX":0,"x":-0.4,"y":-93.5,"skY":0,"scY":1},"duration":2},{"z":0,"event":"skill2","transform":{"pY":0,"pX":0,"scX":1,"skX":0,"x":-20.3,"y":-90.15,"skY":0,"scY":1},"duration":2,"displayIndex":1},{"z":0,"transform":{"pY":0,"pX":0,"scX":1,"skX":0,"x":-39.15,"y":-68.85,"skY":0,"scY":1},"duration":2,"displayIndex":2},{"z":0,"event":"skill2","transform":{"pY":0,"pX":0,"scX":1,"skX":0,"x":-46.75,"y":-61.4,"skY":0,"scY":1},"duration":2,"displayIndex":3},{"z":0,"transform":{"pY":0,"pX":0,"scX":1,"skX":0,"x":-43.7,"y":-55.35,"skY":0,"scY":1},"duration":2,"displayIndex":4},{"z":0,"event":"skill2","transform":{"pY":0,"pX":0,"scX":1,"skX":0,"x":15.9,"y":-57.45,"skY":0,"scY":1},"duration":2,"displayIndex":5},{"z":0,"transform":{"pY":0,"pX":0,"scX":1,"skX":0,"x":-11.2,"y":-52.75,"skY":0,"scY":1},"duration":2,"displayIndex":6},{"z":0,"transform":{"pY":0,"pX":0,"scX":1,"skX":0,"x":30.4,"y":-78.95,"skY":0,"scY":1},"duration":2,"displayIndex":7},{"z":0,"event":"skill2","transform":{"pY":0,"pX":0,"scX":1,"skX":0,"x":-3.9,"y":-83.9,"skY":0,"scY":1},"duration":2,"displayIndex":8},{"z":0,"transform":{"pY":0,"pX":0,"scX":1,"skX":0,"x":-15.55,"y":-63.75,"skY":0,"scY":1},"duration":2,"displayIndex":9},{"z":0,"transform":{"pY":0,"pX":0,"scX":1,"skX":0,"x":0.9,"y":-84.4,"skY":0,"scY":1},"duration":2,"displayIndex":10},{"z":0,"event":"skill2","transform":{"pY":0,"pX":0,"scX":1,"skX":0,"x":-17.75,"y":-68.25,"skY":0,"scY":1},"duration":2,"displayIndex":11},{"z":0,"transform":{"pY":0,"pX":0,"scX":1,"skX":0,"x":-3.9,"y":-83.9,"skY":0,"scY":1},"duration":2,"displayIndex":8},{"z":0,"transform":{"pY":0,"pX":0,"scX":1,"skX":0,"x":-15.55,"y":-63.75,"skY":0,"scY":1},"duration":2,"displayIndex":9},{"z":0,"event":"skill2","transform":{"pY":0,"pX":0,"scX":1,"skX":0,"x":0.9,"y":-84.4,"skY":0,"scY":1},"duration":2,"displayIndex":10},{"z":0,"transform":{"pY":0,"pX":0,"scX":1,"skX":0,"x":-17.75,"y":-68.25,"skY":0,"scY":1},"duration":2,"displayIndex":11},{"z":0,"transform":{"pY":0,"pX":0,"scX":1,"skX":0,"x":-3.9,"y":-83.9,"skY":0,"scY":1},"duration":2,"displayIndex":8},{"z":0,"event":"skill2","transform":{"pY":0,"pX":0,"scX":1,"skX":0,"x":-15.55,"y":-63.75,"skY":0,"scY":1},"duration":2,"displayIndex":9},{"z":0,"transform":{"pY":0,"pX":0,"scX":1,"skX":0,"x":0.9,"y":-84.4,"skY":0,"scY":1},"duration":2,"displayIndex":10},{"z":0,"transform":{"pY":0,"pX":0,"scX":1,"skX":0,"x":-17.75,"y":-68.25,"skY":0,"scY":1},"duration":2,"displayIndex":11},{"z":0,"event":"skill2","transform":{"pY":0,"pX":0,"scX":1,"skX":0,"x":-3.9,"y":-83.9,"skY":0,"scY":1},"duration":2,"displayIndex":8},{"z":0,"transform":{"pY":0,"pX":0,"scX":1,"skX":0,"x":-15.55,"y":-63.75,"skY":0,"scY":1},"duration":2,"displayIndex":9},{"z":0,"transform":{"pY":0,"pX":0,"scX":1,"skX":0,"x":0.9,"y":-84.4,"skY":0,"scY":1},"duration":2,"displayIndex":10},{"z":0,"event":"skill2","transform":{"pY":0,"pX":0,"scX":1,"skX":0,"x":-17.75,"y":-68.25,"skY":0,"scY":1},"duration":2,"displayIndex":11},{"z":0,"transform":{"pY":0,"pX":0,"scX":1,"skX":0,"x":12.1,"y":-101.2,"skY":0,"scY":1},"duration":2,"displayIndex":12},{"z":0,"transform":{"pY":0,"pX":0,"scX":1,"skX":0,"x":3.45,"y":-129.8,"skY":0,"scY":1},"duration":2,"displayIndex":13},{"z":0,"event":"skill2_fly","transform":{"pY":0,"pX":0,"scX":1,"skX":0,"x":15.6,"y":-143.25,"skY":0,"scY":1},"duration":2,"displayIndex":14},{"z":0,"transform":{"pY":0,"pX":0,"scX":1,"skX":0,"x":15.35,"y":-218.35,"skY":0,"scY":1},"duration":2,"displayIndex":15},{"z":0,"transform":{"pY":0,"pX":0,"scX":1,"skX":0,"x":9.4,"y":-209.9,"skY":0,"scY":1},"duration":2,"displayIndex":16},{"z":0,"event":"skill2","transform":{"pY":0,"pX":0,"scX":1,"skX":0,"x":3.45,"y":-143.25,"skY":0,"scY":1},"duration":2,"displayIndex":17},{"z":0,"transform":{"pY":0,"pX":0,"scX":1,"skX":0,"x":48.05,"y":-157.75,"skY":0,"scY":1},"duration":2,"displayIndex":18},{"z":0,"transform":{"pY":0,"pX":0,"scX":1,"skX":0,"x":32.85,"y":-131.85,"skY":0,"scY":1},"duration":2,"displayIndex":19},{"z":0,"transform":{"pY":0,"pX":0,"scX":1,"skX":0,"x":30.3,"y":-125.75,"skY":0,"scY":1},"duration":2,"displayIndex":20}],"scale":1}],"scale":1},{"name":"jineng3","tweenEasing":null,"duration":42,"autoTween":0,"fadeInTime":0,"loop":1,"timeline":[{"offset":0,"name":101,"frame":[{"duration":3,"displayIndex":-1},{"colorTransform":{"bM":100,"rM":100,"gO":0,"bO":0,"aO":0,"gM":100,"aM":41,"rO":0},"z":0,"transform":{"pY":0,"pX":0,"scX":2,"skX":0,"x":-61.85,"y":-101.85,"skY":0,"scY":2},"duration":1,"displayIndex":21},{"z":0,"transform":{"pY":0,"pX":0,"scX":2,"skX":0,"x":-61.85,"y":-101.85,"skY":0,"scY":2},"duration":1,"displayIndex":21},{"z":0,"transform":{"pY":0,"pX":0,"scX":2,"skX":0,"x":-16.8,"y":-71.6,"skY":0,"scY":2},"duration":2,"displayIndex":22},{"z":0,"transform":{"pY":0,"pX":0,"scX":2,"skX":0,"x":-15.6,"y":-76.4,"skY":0,"scY":2},"duration":1,"displayIndex":23},{"z":0,"transform":{"pY":0,"pX":0,"scX":2,"skX":0,"x":-45.05,"y":-81.5,"skY":0,"scY":2},"duration":2,"displayIndex":24},{"z":0,"transform":{"pY":0,"pX":0,"scX":2,"skX":0,"x":-45.05,"y":-90.2,"skY":0,"scY":2},"duration":1,"displayIndex":25},{"z":0,"transform":{"pY":0,"pX":0,"scX":2,"skX":0,"x":-104.75,"y":-87.45,"skY":0,"scY":2},"duration":2,"displayIndex":26},{"z":0,"transform":{"pY":0,"pX":0,"scX":2,"skX":0,"x":-80.65,"y":-111.3,"skY":0,"scY":2},"duration":2,"displayIndex":27},{"z":0,"transform":{"pY":0,"pX":0,"scX":2,"skX":0,"x":-123.6,"y":-80.1,"skY":0,"scY":2},"duration":7,"displayIndex":28},{"duration":20,"displayIndex":-1}],"scale":1},{"offset":0,"name":113,"frame":[{"z":1,"transform":{"pY":0,"pX":0,"scX":1,"skX":0,"x":-10.8,"y":-92.8,"skY":0,"scY":1},"duration":2},{"z":1,"transform":{"pY":0,"pX":0,"scX":1,"skX":0,"x":-34.7,"y":-94.35,"skY":0,"scY":1},"duration":2,"displayIndex":1},{"z":1,"transform":{"pY":0,"pX":0,"scX":1,"skX":0,"x":4.05,"y":-68.45,"skY":0,"scY":1},"duration":2,"displayIndex":2},{"z":1,"transform":{"pY":0,"pX":0,"scX":1,"skX":0,"x":-9,"y":-72.2,"skY":0,"scY":1},"duration":2,"displayIndex":3},{"z":1,"event":"advance2","transform":{"pY":0,"pX":0,"scX":1,"skX":0,"x":22.55,"y":-82,"skY":0,"scY":1},"duration":2,"displayIndex":4},{"z":1,"transform":{"pY":0,"pX":0,"scX":1,"skX":0,"x":13.15,"y":-94.5,"skY":0,"scY":1},"duration":2,"displayIndex":5},{"z":1,"event":"skill3","transform":{"pY":0,"pX":0,"scX":1,"skX":0,"x":23.15,"y":-102.65,"skY":0,"scY":1},"duration":2,"displayIndex":6},{"z":1,"transform":{"pY":0,"pX":0,"scX":1,"skX":0,"x":23.15,"y":-99.05,"skY":0,"scY":1},"duration":2,"displayIndex":7},{"z":1,"event":"skill3","transform":{"pY":0,"pX":0,"scX":1,"skX":0,"x":23.15,"y":-102.65,"skY":0,"scY":1},"duration":2,"displayIndex":6},{"z":1,"transform":{"pY":0,"pX":0,"scX":1,"skX":0,"x":23.15,"y":-99.05,"skY":0,"scY":1},"duration":2,"displayIndex":7},{"z":1,"event":"skill3","transform":{"pY":0,"pX":0,"scX":1,"skX":0,"x":23.15,"y":-102.65,"skY":0,"scY":1},"duration":2,"displayIndex":6},{"z":1,"transform":{"pY":0,"pX":0,"scX":1,"skX":0,"x":22.15,"y":-107.55,"skY":0,"scY":1},"duration":2,"displayIndex":8},{"z":1,"event":"skill3","transform":{"pY":0,"pX":0,"scX":1,"skX":0,"x":-11.15,"y":-89.9,"skY":0,"scY":1},"duration":2,"displayIndex":9},{"z":1,"transform":{"pY":0,"pX":0,"scX":1,"skX":0,"x":-13.9,"y":-82.45,"skY":0,"scY":1},"duration":2,"displayIndex":10},{"z":1,"event":"skill3","transform":{"pY":0,"pX":0,"scX":1,"skX":0,"x":26.35,"y":-83,"skY":0,"scY":1},"duration":2,"displayIndex":11},{"z":1,"transform":{"pY":0,"pX":0,"scX":1,"skX":0,"x":17.35,"y":-107.95,"skY":0,"scY":1},"duration":2,"displayIndex":12},{"z":1,"transform":{"pY":0,"pX":0,"scX":1,"skX":0,"x":12.25,"y":-116.15,"skY":0,"scY":1},"duration":2,"displayIndex":13},{"z":1,"transform":{"pY":0,"pX":0,"scX":1,"skX":0,"x":8,"y":-120.45,"skY":0,"scY":1},"duration":2,"displayIndex":14},{"z":1,"transform":{"pY":0,"pX":0,"scX":1,"skX":0,"x":6.7,"y":-121.9,"skY":0,"scY":1},"duration":2,"displayIndex":15},{"z":1,"event":"skill3_fly","transform":{"pY":0,"pX":0,"scX":1,"skX":0,"x":33.15,"y":-112.5,"skY":0,"scY":1},"duration":2,"displayIndex":16},{"z":1,"transform":{"pY":0,"pX":0,"scX":1,"skX":0,"x":20.3,"y":-112.35,"skY":0,"scY":1},"duration":2,"displayIndex":17}],"scale":1}],"scale":1},{"name":"jineng4","tweenEasing":null,"duration":30,"autoTween":0,"fadeInTime":0,"loop":1,"timeline":[{"offset":0,"name":101,"frame":[{"z":0,"transform":{"pY":0,"pX":0,"scX":1,"skX":0,"x":3.9,"y":-108.55,"skY":0,"scY":1},"duration":2,"displayIndex":29},{"z":0,"event":"skill4","transform":{"pY":0,"pX":0,"scX":1,"skX":0,"x":-11.9,"y":-77.25,"skY":0,"scY":1},"duration":2,"displayIndex":30},{"z":0,"event":"jump2","transform":{"pY":0,"pX":0,"scX":1,"skX":0,"x":19.8,"y":-85.55,"skY":0,"scY":1},"duration":2,"displayIndex":31},{"z":0,"transform":{"pY":0,"pX":0,"scX":1,"skX":0,"x":21.7,"y":-100.7,"skY":0,"scY":1},"duration":2,"displayIndex":32},{"z":0,"transform":{"pY":0,"pX":0,"scX":1,"skX":0,"x":12.75,"y":-112.6,"skY":0,"scY":1},"duration":2,"displayIndex":33},{"z":0,"event":"skill4","transform":{"pY":0,"pX":0,"scX":1,"skX":0,"x":22,"y":-114.1,"skY":0,"scY":1},"duration":2,"displayIndex":34},{"z":0,"transform":{"pY":0,"pX":0,"scX":1,"skX":0,"x":30.5,"y":-107.35,"skY":0,"scY":1},"duration":2,"displayIndex":35},{"z":0,"event":"skill4","transform":{"pY":0,"pX":0,"scX":1,"skX":0,"x":30.6,"y":-112.8,"skY":0,"scY":1},"duration":2,"displayIndex":36},{"z":0,"event":"skill4","transform":{"pY":0,"pX":0,"scX":1,"skX":0,"x":42.4,"y":-115.55,"skY":0,"scY":1},"duration":2,"displayIndex":37},{"z":0,"event":"skill4","transform":{"pY":0,"pX":0,"scX":1,"skX":0,"x":30.2,"y":-117.2,"skY":0,"scY":1},"duration":2,"displayIndex":38},{"z":0,"event":"skill4","transform":{"pY":0,"pX":0,"scX":1,"skX":0,"x":18.65,"y":-116.9,"skY":0,"scY":1},"duration":2,"displayIndex":39},{"z":0,"event":"skill4","transform":{"pY":0,"pX":0,"scX":1,"skX":0,"x":3.95,"y":-119.2,"skY":0,"scY":1},"duration":2,"displayIndex":40},{"z":0,"event":"skill4","transform":{"pY":0,"pX":0,"scX":1,"skX":0,"x":-12.1,"y":-123.05,"skY":0,"scY":1},"duration":2,"displayIndex":41},{"z":0,"event":"skill4","transform":{"pY":0,"pX":0,"scX":1,"skX":0,"x":-27.85,"y":-128.2,"skY":0,"scY":1},"duration":2,"displayIndex":42},{"z":0,"event":"jumpLand","transform":{"pY":0,"pX":0,"scX":1,"skX":0,"x":-23.4,"y":-119.2,"skY":0,"scY":1},"duration":2,"displayIndex":43}],"scale":1}],"scale":1}]}]}