{
  "skins": {
    "eui.Button": "resource/eui_skins/ButtonSkin.exml",
    "eui.CheckBox": "resource/eui_skins/CheckBoxSkin.exml",
    "eui.HScrollBar": "resource/eui_skins/HScrollBarSkin.exml",
    "eui.HSlider": "resource/eui_skins/HSliderSkin.exml",
    "eui.Panel": "resource/eui_skins/PanelSkin.exml",
    "eui.TextInput": "resource/eui_skins/TextInputSkin.exml",
    "eui.ProgressBar": "resource/eui_skins/ProgressBarSkin.exml",
    "eui.RadioButton": "resource/eui_skins/RadioButtonSkin.exml",
    "eui.Scroller": "resource/eui_skins/ScrollerSkin.exml",
    "eui.ToggleSwitch": "resource/eui_skins/ToggleSwitchSkin.exml",
    "eui.VScrollBar": "resource/eui_skins/VScrollBarSkin.exml",
    "eui.VSlider": "resource/eui_skins/VSliderSkin.exml",
    "eui.ItemRenderer": "resource/eui_skins/ItemRendererSkin.exml"
  },
  "autoGenerateExmlsList": true,
  "exmls": [
    {
      "path": "resource/eui_skins/ButtonSkin.exml",
      "content": "<?xml version=\"1.0\" encoding=\"utf-8\" ?>\n<e:Skin class=\"skins.ButtonSkin\" states=\"up,down,disabled\" minHeight=\"50\" minWidth=\"100\" xmlns:e=\"http://ns.egret.com/eui\">\n    <e:Image width=\"100%\" height=\"100%\" scale9Grid=\"1,3,8,8\" alpha.disabled=\"0.5\"\n             source=\"button_up_png\"\n             source.down=\"button_down_png\"/>\n    <e:Label id=\"labelDisplay\" top=\"8\" bottom=\"8\" left=\"8\" right=\"8\"\n             size=\"20\" fontFamily=\"Tahoma 'Microsoft Yahei'\"\n             textColor=\"0xFFFFFF\" verticalAlign=\"middle\" textAlign=\"center\"/>\n    <e:Image id=\"iconDisplay\" horizontalCenter=\"0\" verticalCenter=\"0\"/>\n</e:Skin>\n"
    },
    {
      "path": "resource/eui_skins/CheckBoxSkin.exml",
      "content": "<?xml version=\"1.0\" encoding=\"utf-8\"?>\n<e:Skin class=\"skins.CheckBoxSkin\" states=\"up,down,disabled,upAndSelected,downAndSelected,disabledAndSelected\" xmlns:e=\"http://ns.egret.com/eui\">\n    <e:Group width=\"100%\" height=\"100%\">\n        <e:layout>\n            <e:HorizontalLayout verticalAlign=\"middle\"/>\n        </e:layout>\n        <e:Image fillMode=\"scale\" alpha=\"1\" alpha.disabled=\"0.5\" alpha.down=\"0.7\"\n                 source=\"checkbox_unselect_png\"\n                 source.upAndSelected=\"checkbox_select_up_png\"\n                 source.downAndSelected=\"checkbox_select_down_png\"\n                 source.disabledAndSelected=\"checkbox_select_disabled_png\"/>\n        <e:Label id=\"labelDisplay\" size=\"20\" textColor=\"0x707070\"\n                 textAlign=\"center\" verticalAlign=\"middle\"\n                 fontFamily=\"Tahoma\"/>\n    </e:Group>\n</e:Skin>\n"
    },
    {
      "path": "resource/eui_skins/HScrollBarSkin.exml",
      "content": "<?xml version=\"1.0\" encoding=\"utf-8\"?>\n<e:Skin class=\"skins.HScrollBarSkin\" minWidth=\"20\" minHeight=\"8\" xmlns:e=\"http://ns.egret.com/eui\">\n    <e:Image id=\"thumb\" source=\"roundthumb_png\" scale9Grid=\"3,3,2,2\" height=\"8\" width=\"30\" verticalCenter=\"0\"/>\n</e:Skin>\n"
    },
    {
      "path": "resource/eui_skins/HSliderSkin.exml",
      "content": "<?xml version=\"1.0\" encoding=\"utf-8\"?>\n<e:Skin class=\"skins.HSliderSkin\" minWidth=\"20\" minHeight=\"8\" xmlns:e=\"http://ns.egret.com/eui\">\n    <e:Image id=\"track\" source=\"track_sb_png\" scale9Grid=\"1,1,4,4\" width=\"100%\"\n             height=\"6\" verticalCenter=\"0\"/>\n    <e:Image id=\"thumb\" source=\"thumb_png\" verticalCenter=\"0\"/>\n</e:Skin>\n"
    },
    {
      "path": "resource/eui_skins/ItemRendererSkin.exml",
      "content": "<?xml version=\"1.0\" encoding=\"utf-8\" ?>\n<e:Skin class=\"skins.ItemRendererSkin\" states=\"up,down,disabled\" minHeight=\"50\" minWidth=\"100\" xmlns:e=\"http://ns.egret.com/eui\">\n    <e:Image width=\"100%\" height=\"100%\" scale9Grid=\"1,3,8,8\" alpha.disabled=\"0.5\"\n             source=\"button_up_png\"\n             source.down=\"button_down_png\"/>\n    <e:Label id=\"labelDisplay\" top=\"8\" bottom=\"8\" left=\"8\" right=\"8\"\n             size=\"20\" fontFamily=\"Tahoma 'Microsoft Yahei'\"\n             textColor=\"0xFFFFFF\" text=\"{data}\" verticalAlign=\"middle\" textAlign=\"center\"/>\n</e:Skin>\n"
    },
    {
      "path": "resource/eui_skins/PanelSkin.exml",
      "content": "<?xml version=\"1.0\" encoding=\"utf-8\"?>\n<e:Skin class=\"skins.PanelSkin\" minHeight=\"230\" minWidth=\"450\" xmlns:e=\"http://ns.egret.com/eui\">\n    <e:Image left=\"0\" right=\"0\" bottom=\"0\"  top=\"0\" source=\"border_png\" scale9Grid=\"2,2,12,12\" />\n    <e:Group id=\"moveArea\" left=\"0\" right=\"0\" top=\"0\" height=\"45\">\n        <e:Image left=\"0\" right=\"0\" bottom=\"0\"  top=\"0\" source=\"header_png\"/>\n        <e:Label id=\"titleDisplay\" size=\"20\" fontFamily=\"Tahoma\" textColor=\"0xFFFFFF\"\n                 wordWrap=\"false\" left=\"15\" right=\"5\" verticalCenter=\"0\"/>\n    </e:Group>\n    <e:Button id=\"closeButton\" label=\"close\" bottom=\"5\" horizontalCenter=\"0\"/>\n</e:Skin>\n"
    },
    {
      "path": "resource/eui_skins/ProgressBarSkin.exml",
      "content": "<?xml version=\"1.0\" encoding=\"utf-8\"?>\n<e:Skin class=\"skins.ProgressBarSkin\" minWidth=\"30\" minHeight=\"18\" xmlns:e=\"http://ns.egret.com/eui\">\n\t<e:Image source=\"track_pb_png\" scale9Grid=\"1,1,4,4\" width=\"100%\"\n\t\t\t height=\"100%\" verticalCenter=\"0\"/>\n\t<e:Image id=\"thumb\" height=\"100%\" width=\"100%\" source=\"thumb_pb_png\"/>\n\t<e:Label id=\"labelDisplay\" textAlign=\"center\" verticalAlign=\"middle\"\n\t\t\t size=\"15\" fontFamily=\"Tahoma\" textColor=\"0x707070\"\n\t\t\t horizontalCenter=\"0\" verticalCenter=\"0\"/>\n</e:Skin>\n"
    },
    {
      "path": "resource/eui_skins/RadioButtonSkin.exml",
      "content": "<?xml version=\"1.0\" encoding=\"utf-8\"?>\n<e:Skin class=\"skins.RadioButtonSkin\" states=\"up,down,disabled,upAndSelected,downAndSelected,disabledAndSelected\" xmlns:e=\"http://ns.egret.com/eui\">\n    <e:Group width=\"100%\" height=\"100%\">\n        <e:layout>\n            <e:HorizontalLayout verticalAlign=\"middle\"/>\n        </e:layout>\n        <e:Image fillMode=\"scale\" alpha=\"1\" alpha.disabled=\"0.5\" alpha.down=\"0.7\"\n                 source=\"radiobutton_unselect_png\"\n                 source.upAndSelected=\"radiobutton_select_up_png\"\n                 source.downAndSelected=\"radiobutton_select_down_png\"\n                 source.disabledAndSelected=\"radiobutton_select_disabled_png\"/>\n        <e:Label id=\"labelDisplay\" size=\"20\" textColor=\"0x707070\"\n                 textAlign=\"center\" verticalAlign=\"middle\"\n                 fontFamily=\"Tahoma\"/>\n    </e:Group>\n</e:Skin>\n"
    },
    {
      "path": "resource/eui_skins/ScrollerSkin.exml",
      "content": "<?xml version=\"1.0\" encoding=\"utf-8\"?>\n<e:Skin class=\"skins.ScrollerSkin\" minWidth=\"20\" minHeight=\"20\" xmlns:e=\"http://ns.egret.com/eui\">\n    <e:HScrollBar id=\"horizontalScrollBar\" width=\"100%\" bottom=\"0\"/>\n    <e:VScrollBar id=\"verticalScrollBar\" height=\"100%\" right=\"0\"/>\n</e:Skin>"
    },
    {
      "path": "resource/eui_skins/TextInputSkin.exml",
      "content": "<?xml version='1.0' encoding='utf-8'?>\n<e:Skin class=\"skins.TextInputSkin\" minHeight=\"40\" minWidth=\"300\" states=\"normal,disabled,normalWithPrompt,disabledWithPrompt\" xmlns:e=\"http://ns.egret.com/eui\">\n\t<e:Image width=\"100%\" height=\"100%\" scale9Grid=\"1,3,8,8\" source=\"button_up_png\"/>\n\t<e:Rect height=\"100%\" width=\"100%\" fillColor=\"0xffffff\"/>\n \t<e:EditableText id=\"textDisplay\" verticalCenter=\"0\" left=\"10\" right=\"10\"\n\t                textColor=\"0x000000\" textColor.disabled=\"0xff0000\" width=\"100%\" height=\"24\" size=\"20\" />\n\t<e:Label id=\"promptDisplay\" verticalCenter=\"0\" left=\"10\" right=\"10\"\n\t                textColor=\"0xa9a9a9\" width=\"100%\" height=\"24\" size=\"20\" touchEnabled=\"false\" includeIn=\"normalWithPrompt,disabledWithPrompt\"/>\n</e:Skin>"
    },
    {
      "path": "resource/eui_skins/ToggleSwitchSkin.exml",
      "content": "<?xml version=\"1.0\" encoding=\"utf-8\"?>\n<e:Skin class=\"skins.ToggleSwitchSkin\" states=\"up,down,disabled,upAndSelected,downAndSelected,disabledAndSelected\" xmlns:e=\"http://ns.egret.com/eui\">\n    <e:Image source=\"on_png\"\n             source.up=\"off_png\"\n             source.down=\"off_png\"\n             source.disabled=\"off_png\"/>\n    <e:Image source=\"handle_png\"\n             horizontalCenter=\"-18\"\n             horizontalCenter.upAndSelected=\"18\"\n             horizontalCenter.downAndSelected=\"18\"\n             horizontalCenter.disabledAndSelected=\"18\"\n             verticalCenter=\"0\"/>\n</e:Skin>\n"
    },
    {
      "path": "resource/eui_skins/VScrollBarSkin.exml",
      "content": "<?xml version=\"1.0\" encoding=\"utf-8\"?>\n<e:Skin class=\"skins.VScrollBarSkin\" minWidth=\"8\" minHeight=\"20\" xmlns:e=\"http://ns.egret.com/eui\">\n    <e:Image id=\"thumb\" source=\"roundthumb_png\" scale9Grid=\"3,3,2,2\" height=\"30\" width=\"8\" horizontalCenter=\"0\"/>\n</e:Skin>\n"
    },
    {
      "path": "resource/eui_skins/VSliderSkin.exml",
      "content": "<?xml version=\"1.0\" encoding=\"utf-8\"?>\n<e:Skin class=\"skins.VSliderSkin\" minWidth=\"25\" minHeight=\"30\" xmlns:e=\"http://ns.egret.com/eui\">\n    <e:Image id=\"track\" source=\"track_png\" scale9Grid=\"1,1,4,4\" width=\"7\" height=\"100%\" horizontalCenter=\"0\"/>\n    <e:Image id=\"thumb\" source=\"thumb_png\" horizontalCenter=\"0\" />\n</e:Skin>\n"
    },
    {
      "path": "resource/skins/MenuSkin.exml",
      "content": "<?xml version='1.0' encoding='utf-8'?>\n<e:Skin class=\"MenuSkin\" xmlns:e=\"http://ns.egret.com/eui\">\n\t<e:Group>\r\t\t<e:Image source=\"menu_bg\" scale9Grid=\"23,29,29,24\" width=\"100%\" height=\"100%\"/>\r\t\t<e:Group>\r\t\t\t<e:Image id=\"dailyBtn\" source=\"btn_activity\" />\r\t\t\t<e:Image id=\"taskBtn\" source=\"btn_mission\"/>\r\t\t\t<e:Image id=\"mailBtn\" source=\"btn_mail\" />\r\t\t\t<e:Image id=\"bbsBtn\" source=\"bbs\" scaleX=\"1.6\" scaleY=\"1.6\"/>\r\t\t\t<e:layout >\r\t\t\t\t<e:HorizontalLayout  verticalAlign=\"middle\" paddingLeft=\"20\" paddingRight=\"20\" paddingBottom=\"10\" paddingTop=\"10\"/>\r\t\t\t</e:layout>\r\t\t</e:Group>\r\t</e:Group>\n</e:Skin>"
    },
    {
      "path": "resource/skins/MenuButtonSkin.exml",
      "content": "<?xml version='1.0' encoding='utf-8'?>\n<e:Skin class=\"MenuButtonSkin\"\n        states=\"up,down,disabled,upAndSelected,downAndSelected,disabledAndSelected\" xmlns:e=\"http://ns.egret.com/eui\">\n\t<e:Image x=\"0\" y=\"0\" source=\"btn_shrink_bg\"/>\n\t<e:Image y=\"16\" source=\"btn_shrink\" x=\"59\" includeIn=\"upAndSelected,downAndSelected,disabledAndSelected\" scaleX=\"-1\"/>\n\t<e:Image includeIn=\"up,down,disabled\" x=\"19\" y=\"16\" source=\"btn_shrink\"/>\n</e:Skin>"
    },
    {
      "path": "resource/skins/GuiScreenSkin.exml",
      "content": "<?xml version='1.0' encoding='utf-8'?>\n<e:Skin class=\"GuiScreenSkin\" width=\"1000\" height=\"650\" xmlns:e=\"http://ns.egret.com/eui\" xmlns:w=\"http://ns.egret.com/wing\" xmlns:ns1=\"*\">\n\t<e:Image source=\"table_cloud_top\" fillMode=\"repeat\" left=\"0\" right=\"0\" y=\"150\"/>\n\t<e:Rect height=\"150\" fillColor=\"0xebfff8\" left=\"0\" right=\"0\" top=\"0\"/>\n\t<e:Rect fillColor=\"15466488\" height=\"100\" left=\"0\" right=\"0\" bottom=\"0\"/>\n\t<e:Image source=\"table_cloud_bottom\" fillMode=\"repeat\" left=\"0\" right=\"0\" bottom=\"100\"/>\n\t<e:Group height=\"170\" left=\"0\" right=\"0\" top=\"0\">\n\t\t<e:Group horizontalCenter=\"0\" verticalCenter=\"0\">\n\t\t\t<e:Image source=\"icon_name\" x=\"140\" y=\"9\" width=\"218\" height=\"78\"/>\n\t\t\t<e:Image source=\"icon_head\" x=\"20\" y=\"19\" width=\"135\"/>\n\t\t\t<e:Image id=\"headDisplay\" height=\"95\" width=\"95\" x=\"36\" y=\"43\"/>\n\t\t\t<e:Image source=\"icon_LV\" x=\"0\" y=\"-1\" width=\"83\" height=\"83\"/>\n\t\t\t<e:Group width=\"160\" height=\"30\" x=\"166\" y=\"34\">\n\t\t\t\t<e:Label id=\"nameDisplay\" text=\"_羽\" horizontalCenter=\"0\" verticalCenter=\"0\" textColor=\"3710089\" size=\"21\" bold=\"true\"/>\n\t\t\t</e:Group>\n\t\t\t<e:Image source=\"icon_badge\" x=\"104\" y=\"96\"/>\n\t\t\t<e:Group x=\"164\" y=\"96\">\n\t\t\t\t<e:Image source=\"icon_line\" x=\"17\" y=\"0\"/>\n\t\t\t\t<e:Group width=\"142\" height=\"30\" x=\"49\" y=\"15\">\n\t\t\t\t\t<e:Label id=\"levelDisplay\" size=\"21\" horizontalCenter=\"0\" bold=\"true\" verticalCenter=\"0\" textColor=\"3710089\" text=\"0/220\"/>\n\t\t\t\t</e:Group>\n\t\t\t\t<e:Image source=\"icon_experience\" x=\"0\" y=\"0\"/>\n\t\t\t</e:Group>\n\t\t\t<e:Group x=\"369\" y=\"22\">\n\t\t\t\t<e:Image y=\"0\" source=\"icon_line\" x=\"17\"/>\n\t\t\t\t<e:Group y=\"15\" width=\"142\" height=\"30\" x=\"49\">\n\t\t\t\t\t<e:Label id=\"goldDisplay\" size=\"21\" horizontalCenter=\"0\" bold=\"true\" verticalCenter=\"0\" textColor=\"3710089\" text=\"1200\"/>\n\t\t\t\t</e:Group>\n\t\t\t\t<e:Image y=\"0\" x=\"0\" source=\"icon_gold\"/>\n\t\t\t</e:Group>\n\t\t\t<e:Group y=\"96\" x=\"394\">\n\t\t\t\t<e:Image y=\"0\" source=\"icon_line\" x=\"17\"/>\n\t\t\t\t<e:Group y=\"15\" width=\"142\" height=\"30\" x=\"49\">\n\t\t\t\t\t<e:BitmapLabel id=\"coinsDisplay\" text=\"99\" font=\"bitmapFont\" horizontalCenter=\"0\" verticalCenter=\"0\"/>\n\t\t\t\t</e:Group>\n\t\t\t\t<e:Image y=\"0\" x=\"0\" source=\"icon_diamond\"/>\n\t\t\t</e:Group>\n\t\t</e:Group>\n\t</e:Group>\n\t<e:Group height=\"120\" left=\"0\" right=\"0\" bottom=\"0\">\n\t\t<e:layout>\n\t\t\t<e:HorizontalLayout gap=\"20\" verticalAlign=\"middle\" horizontalAlign=\"center\"/>\n\t\t</e:layout>\n\t\t<e:Image id=\"friendBtn\" source=\"icon_friend\" x=\"80\" y=\"71\"/>\n\t\t<e:Image id=\"shopBtn\" source=\"icon_shop\" x=\"112\" y=\"53\" width=\"114\" height=\"99\"/>\n\t\t<e:Image id=\"warehouseBtn\" source=\"icon_warehouse\" x=\"157\" y=\"136\"/>\n\t\t<e:Image id=\"factoryBtn\" source=\"icon_factory\" x=\"110\" y=\"148\"/>\n\t\t<e:Image id=\"moreBtn\" source=\"icon_more\" x=\"150\" y=\"149\"/>\n\t</e:Group>\n\t<ns1:Menu id=\"menu\" x=\"78\" y=\"216\" skinName=\"MenuSkin\" visible=\"false\"/>\n\t<e:ToggleButton id=\"menuBtn\" label=\"切换按钮\" skinName=\"MenuButtonSkin\" x=\"14\" y=\"237\"/>\n\t<e:Button id=\"createBtn\" label=\"创建房间\" x=\"851\" y=\"263\"/>\n\t<e:Button id=\"enterBtn\" label=\"进入房间\" x=\"848\" y=\"339\"/>\n\t<e:Button id=\"crossEnterBtn\" label=\"跨协议进入\" x=\"848\" y=\"416\"/>\n</e:Skin>"
    },
    {
      "path": "resource/skins/LoadingUISkin.exml",
      "content": "<?xml version='1.0' encoding='utf-8'?>\n<e:Skin class=\"LoadingUISkin\" width=\"400\" height=\"300\" xmlns:e=\"http://ns.egret.com/eui\" xmlns:w=\"http://ns.egret.com/wing\">\n\t<e:Label id=\"txtMsg\" text=\"资源加载中...\" width=\"249\" horizontalCenter=\"0\" verticalCenter=\"0\" size=\"25\" verticalAlign=\"middle\" textAlign=\"center\"/>\n</e:Skin>"
    },
    {
      "path": "resource/skins/LoginSkin.exml",
      "content": "<?xml version=\"1.0\" encoding=\"utf-8\"?>\n<e:Skin class=\"LoginSkin\" width=\"400\" height=\"300\" xmlns:e=\"http://ns.egret.com/eui\" xmlns:w=\"http://ns.egret.com/wing\">\n\t<e:TextInput id=\"usernameInput\" y=\"89\" horizontalCenter=\"0\" text=\"2\"/>\n\t<e:TextInput id=\"passwordInput\" y=\"151\" horizontalCenter=\"0\" displayAsPassword=\"true\" text=\"y\"/>\n\t<e:Button id=\"loginBtn\" label=\"登录\" y=\"218\" horizontalCenter=\"0\"/>\n</e:Skin>"
    },
    {
      "path": "resource/skins/PanelSkin.exml",
      "content": "<?xml version='1.0' encoding='utf-8'?>\n<e:Skin class=\"PanelSkin\" xmlns:e=\"http://ns.egret.com/eui\">\n\t<e:Group width=\"100%\" height=\"100%\" touchEnabled=\"true\" touchChildren=\"true\">\n\t\t<e:Rect width=\"100%\" height=\"100%\" x=\"0\" y=\"0\" fillAlpha=\"0\" fillColor=\"0\"/>\n\t</e:Group>\n\t<e:Group width=\"505\" height=\"600\" horizontalCenter=\"0\" verticalCenter=\"0\">\n\t\t<e:Group left=\"0\" right=\"0\" bottom=\"0\" top=\"50\">\n\t\t\t<e:Rect fillColor=\"0x097993\" width=\"480\" x=\"11\" bottom=\"16\" top=\"16\"/>\n\t\t\t<e:Image source=\"table_box_down\" x=\"0\" bottom=\"0\" locked=\"true\"/>\n\t\t\t<e:Image source=\"table_box_up\" x=\"0\" top=\"0\" locked=\"true\"/>\n\t\t\t<e:Image source=\"table_box_middle\" x=\"0\" top=\"46\" bottom=\"93\" locked=\"true\"/>\n\t\t\t<e:Group id=\"contentGroup\" left=\"30\" right=\"30\" bottom=\"40\" top=\"40\"/>\n\t\t</e:Group>\n\t\t<e:Button id=\"closeBtn\" x=\"452\" y=\"28\">\n\t\t\t<e:skinName>\n\t\t\t\t<e:Skin states=\"up,down,disabled\">\n\t\t\t\t\t<e:Image width=\"100%\" height=\"100%\" source=\"btn_wrong\" source.down=\"btn_wrong\" source.disabled=\"btn_wrong\"/>\n\t\t\t\t\t<e:Label id=\"labelDisplay\" horizontalCenter=\"0\" verticalCenter=\"0\"/>\n\t\t\t\t</e:Skin>\n\t\t\t</e:skinName>\n\t\t</e:Button>\n\t\t<e:Group horizontalCenter=\"0\" top=\"0\">\n\t\t\t<e:Image source=\"table_bg\" horizontalCenter=\"0\" verticalCenter=\"0\"/>\n\t\t\t<e:Image id=\"iconDisplay\" source=\"table_activity\" horizontalCenter=\"0\" verticalCenter=\"0\"/>\n\t\t</e:Group>\n\t\t<e:Image id=\"button\" y=\"552\" horizontalCenter=\"0\"/>\n\t</e:Group>\n</e:Skin>"
    },
    {
      "path": "resource/skins/RoomUISkin.exml",
      "content": "<?xml version=\"1.0\" encoding=\"utf-8\"?>\n<e:Skin class=\"RoomUISkin\" width=\"1000\" height=\"650\" xmlns:e=\"http://ns.egret.com/eui\" xmlns:w=\"http://ns.egret.com/wing\">\n\t<e:Image width=\"1000\" height=\"650\" x=\"0\" y=\"0\" source=\"map_jpg\"/>\n\t<e:Button id=\"leaveBtn\" label=\"退出\" x=\"865\" y=\"55\"/>\n\t<e:Button id=\"dismissBtn\" label=\"解散\" x=\"742\" y=\"55\"/>\n\t<e:Label id=\"topPlayerLabel\" text=\"1\" x=\"280\" y=\"40\" bold=\"true\" textColor=\"0xf70c0c\"/>\n\t<e:Label id=\"leftPlayerLabel\" text=\"2\" x=\"17\" y=\"157\" textColor=\"0xf70e09\"/>\n\t<e:Label id=\"rightPlayerLabel\" text=\"4\" x=\"907\" y=\"162\" textColor=\"0xf20c0c\"/>\n\t<e:Label id=\"bottomPlayerLabel\" text=\"3\" x=\"137\" y=\"486\" textColor=\"0xf41818\"/>\n\t<e:TextInput id=\"msgInput\" width=\"435\" height=\"20\" x=\"321\" y=\"614\" enabled=\"true\"/>\n\t<e:Button id=\"sendBtn\" label=\"发送\" x=\"762\" y=\"597\"/>\n\t<e:Button id=\"refreshBtn\" label=\"刷新\" x=\"740\" y=\"128\"/>\n</e:Skin>"
    },
    {
      "path": "resource/skins/SaleItemSkin.exml",
      "content": "<?xml version='1.0' encoding='utf-8'?>\n<e:Skin class=\"SaleItemSkin\" xmlns:e=\"http://ns.egret.com/eui\">\n\t<e:Image source=\"card_bg\"/>\r\n\t<e:Group height=\"34\" width=\"137\" x=\"22\" y=\"12\">\r\n\t\t<e:Label id=\"titleDisplay\" text=\"普通化肥\" textColor=\"16777215\" size=\"21\" bold=\"true\" horizontalCenter=\"0\" verticalCenter=\"0\"/>\r\n\t</e:Group>\r\n\t<e:Image id=\"iconDisplay\" source=\"icon_fertilizer02\" horizontalCenter=\"0\" verticalCenter=\"5\"/>\r\n\t<e:Image source=\"icon_diamond\" scaleX=\"0.5\" scaleY=\"0.5\" width=\"60\" y=\"56\" x=\"123\"/>\r\n\t<e:Label id=\"priceDisplay\" text=\"3\" x=\"151\" y=\"57\" size=\"20\" bold=\"true\" textColor=\"3710089\"/>\r\n\t<e:Image source=\"icon_02\" x=\"8\" y=\"134\"/>\r\n\t<e:Label id=\"timeDisplay\" text=\"-10分钟\" x=\"47\" y=\"144\" size=\"20\" bold=\"true\" textColor=\"3710089\"/>\n</e:Skin>"
    },
    {
      "path": "resource/skins/ServerChooseSkin.exml",
      "content": "<?xml version=\"1.0\" encoding=\"utf-8\"?>\n<e:Skin class=\"ServerChooseSkin\" width=\"500\" height=\"300\" xmlns:e=\"http://ns.egret.com/eui\" xmlns:w=\"http://ns.egret.com/wing\">\n\t<e:List id=\"serverList\" width=\"400\" height=\"200\" horizontalCenter=\"0\" verticalCenter=\"0\" itemRendererSkinName=\"skins.ItemRendererSkin\">\n\t\t<e:ArrayCollection>\n\t\t\t<e:Array>\n\t\t\t\t<e:Object ip=\"120.24.252.143\" port=\"8000/ws\" label=\"测试服务器\"/>\n\t\t\t\t<e:Object ip=\"192.168.199.159\" port=\"8089/ws\" label=\"消息调试服务器（本地）\"/>\n\t\t\t\t<e:Object port=\"8089/ws\" ip=\"182.92.158.208\" label=\"消息调试服务器（线上）\"/>\n\t\t\t</e:Array>\n\t\t</e:ArrayCollection>\n\t</e:List>\n</e:Skin>"
    },
    {
      "path": "resource/skins/ServerItemRendererSkin.exml",
      "content": "<?xml version=\"1.0\" encoding=\"utf-8\"?>\n<e:Skin class=\"ServerItemRendererSkin\" width=\"400\" height=\"70\" xmlns:e=\"http://ns.egret.com/eui\" xmlns:w=\"http://ns.egret.com/wing\">\n\t<e:Label id=\"nameLbl\" text=\"名词\" left=\"20\" top=\"5\" bold=\"true\" textColor=\"0xe6456a\"/>\n\t<e:Label id=\"ipLbl\" text=\"IP\" textColor=\"0x397FA9\" left=\"20\" bottom=\"5\"/>\n\t<e:Label id=\"portLbl\" text=\"port\" textColor=\"0x397FA9\" right=\"20\" bottom=\"5\"/>\n</e:Skin>"
    },
    {
      "path": "resource/skins/TabBarButtonSkin.exml",
      "content": "<?xml version='1.0' encoding='utf-8'?>\n<e:Skin class=\"TabBarButtonSkin\"\n        states=\"up,down,disabled,upAndSelected,downAndSelected,disabledAndSelected\" xmlns:e=\"http://ns.egret.com/eui\" xmlns:w=\"http://ns.egret.com/wing\">\n\t<e:Image includeIn=\"up,down,disabled\" x=\"0\" y=\"0\" source=\"tabBar_down\"/>\n\t<e:Image id=\"iconDisplaySelected\" includeIn=\"up,down,disabled\" x=\"18\" y=\"7\" source=\"text_fertilizer01\"/>\n\t<e:Image includeIn=\"upAndSelected,downAndSelected,disabledAndSelected\" x=\"0\" y=\"0\" source=\"tabBar_selected_down\"/>\n\t<e:Image id=\"iconDisplay\" includeIn=\"upAndSelected,downAndSelected,disabledAndSelected\" x=\"18\" y=\"10\" source=\"text_fertilizer02\"/>\n</e:Skin>"
    },
    {
      "path": "resource/skins/TabBarSkin.exml",
      "content": "<?xml version='1.0' encoding='utf-8'?>\n<e:Skin class=\"TabBarSkin\" xmlns:e=\"http://ns.egret.com/eui\">\n\t<e:Group width=\"100%\" height=\"100%\">\n\t\t<e:TabBar id=\"tabBar\" left=\"10\" top=\"5\">\n\t\t\t<e:layout>\n\t\t\t\t<e:HorizontalLayout gap=\"5\"/>\n\t\t\t</e:layout>\r\t\t</e:TabBar>\r\t\t<e:Image source=\"sto_table_tittle\" x=\"0\" y=\"50\"/>\r\t\t<e:Scroller left=\"25\" right=\"25\" top=\"85\" height=\"385\">\r\t\t\t<e:ViewStack id=\"viewStack\"/>\r\t\t</e:Scroller>\n\t</e:Group>\n</e:Skin>"
    },
    {
      "path": "resource/skins/TaskItemRendererSkin.exml",
      "content": "<?xml version='1.0' encoding='utf-8'?>\n<e:Skin class=\"TaskItemRendererSkin\" xmlns:e=\"http://ns.egret.com/eui\">\n\t<e:Image source=\"task_bg\"/>\r\n\t<e:Group height=\"39\" width=\"204\" x=\"80\" y=\"4\">\r\n\t\t<e:Label id=\"labelDisplay\" text=\"标签\" textColor=\"5918538\" size=\"21\" horizontalCenter=\"1.5\" verticalCenter=\"1\" bold=\"true\"/>\r\n\t</e:Group>\r\n\t<e:Image id=\"iconDisplay\" source=\"icon_experience\" verticalCenter=\"0.5\" x=\"13\"/>\r\n\t<e:Image source=\"icon_experience\" verticalCenter=\"20.5\" x=\"205\" width=\"26\" height=\"26\"/>\r\n\t<e:Image source=\"icon_gold\" x=\"81\" y=\"50\" width=\"25\" height=\"25\"/>\r\n\t<e:Label id=\"goldDisplay\" textColor=\"5918538\" text=\"+100\" size=\"20\" fontFamily=\"SimSun\" y=\"50\" x=\"109\" bold=\"true\"/>\r\n\t<e:Label id=\"seedDisplay\" text=\"+100\" textColor=\"5918538\" x=\"233\" size=\"20\" fontFamily=\"SimSun\" y=\"50\" bold=\"true\"/>\r\n\t<e:Label id=\"progressDisplay\" textColor=\"5918538\" text=\"0/5\" size=\"20\" fontFamily=\"SimSun\" verticalCenter=\"0\" horizontalCenter=\"139\" bold=\"true\"/>\n</e:Skin>"
    }
  ]
}