{"assets/animation/guangshu/guangshu.json":"2368","assets/animation/donghua7/donghua7.json":"2359","assets/animation/donghua6/donghua6_swf.json":"2359","assets/animation/donghua6/donghua6.png":"2359","assets/animation/donghua6/donghua6.json":"2359","assets/animation/donghua5/donghua5_swf.json":"2370","assets/animation/donghua5/donghua5.png":"2367","assets/animation/donghua5/donghua5.json":"2367","assets/animation/donghua4/donghua4_swf.json":"2417","assets/animation/donghua4/donghua4.png":"2417","assets/animation/donghua4/donghua4.json":"2417","assets/animation/donghua3/donghua3_swf.json":"2359","assets/animation/donghua3/donghua3.png":"2284","assets/animation/donghua3/donghua3.json":"2359","assets/animation/donghua2/donghua2_swf.json":"2418","assets/animation/donghua2/donghua2.png":"2367","assets/animation/donghua2/donghua2.json":"2418","assets/animation/donghua1/donghua1_swf.json":"2359","assets/animation/donghua1/donghua1.png":"2359","assets/animation/donghua1/donghua1.json":"2359","assets/jiabin/1.png":"2463","assets/hezuo/1.png":"2413","config/description.json":"2204","assets/xingxing.png":"2367","assets/music_on.png":"2310","assets/music1.mp3":"2396","assets/music.mp3":"2367","assets/kuang.png":"2284","assets/egret_icon.png":"2204","assets/diqiudi.png":"2310","assets/diqiu.png":"2284","assets/bg2.jpg":"2284","assets/bg1.jpg":"2250","assets/bg.jpg":"2204","resource.json":"2397","assets/animation/donghua7/donghua7.png":"2359","assets/animation/donghua7/donghua7_swf.json":"2359","assets/animation/guangshu/guangshu_swf.json":"2368","assets/animation/guangshu/guangshu.png":"2368"}