{
    "groups":[
        {
            "keys":"global, reqconfig, respconfig, cspb, errpb, roompb, srvmetapb, storepb, talkpb",
            "name":"preload_core"
        }
    ],
    "resources":[
        {
            "name":"global",
            "type":"json",
            "url":"config/global_web.json"
        },
        {
            "name":"reqconfig",
            "type":"json",
            "url":"proto/reqconfig.json"
        },
        {
            "name":"respconfig",
            "type":"json",
            "url":"proto/respconfig.json"
        },
        {
            "name":"cspb",
            "type":"text",
            "url":"proto/cspb/cspb.proto"
        },
        {
            "name":"errpb",
            "type":"text",
            "url":"proto/errpb/err.proto"
        },
        {
            "name":"srvmetapb",
            "type":"text",
            "url":"proto/srvmetapb/srvmetapb.proto"
        },
        {
            "name":"roompb",
            "type":"text",
            "url":"proto/roompb/roompb.proto"
        },
        {
            "name":"storepb",
            "type":"text",
            "url":"proto/storepb/storepb.proto"
        },
        {
            "name":"talkpb",
            "type":"text",
            "url":"proto/talkpb/talkpb.proto"
        }
    ]
}