{
    "groups":[
        {
            "keys":"mj11,mj12,mj13,mj14,mj15,mj16,mj17,mj18,mj19,mj21,mj22,mj23,mj24,mj25,mj26,mj27,mj28,mj29,mj31,mj32,mj33,mj34,mj35,mj36,mj37,mj38,mj39,mj41,mj42,mj43,mj44,mj45,mj46,mj47,mj51,mj52,mj53,mj54,mj55,mj56,mj57,mj58,mj59",
            "name":"preload_mj"
        }
    ],
    "resources":[
        {
            "name":"mj11",
            "type":"image",
            "url":"assets/mj/11.jpg"
        },
        {
            "name":"mj12",
            "type":"image",
            "url":"assets/mj/12.jpg"
        },
        {
            "name":"mj13",
            "type":"image",
            "url":"assets/mj/13.jpg"
        },
        {
            "name":"mj14",
            "type":"image",
            "url":"assets/mj/14.jpg"
        },
        {
            "name":"mj15",
            "type":"image",
            "url":"assets/mj/15.jpg"
        },
        {
            "name":"mj16",
            "type":"image",
            "url":"assets/mj/16.jpg"
        },
        {
            "name":"mj17",
            "type":"image",
            "url":"assets/mj/17.jpg"
        },
        {
            "name":"mj18",
            "type":"image",
            "url":"assets/mj/18.jpg"
        },
        {
            "name":"mj19",
            "type":"image",
            "url":"assets/mj/19.jpg"
        }

        ,
        {
            "name":"mj21",
            "type":"image",
            "url":"assets/mj/21.jpg"
        },
        {
            "name":"mj22",
            "type":"image",
            "url":"assets/mj/22.jpg"
        },
        {
            "name":"mj23",
            "type":"image",
            "url":"assets/mj/23.jpg"
        },
        {
            "name":"mj24",
            "type":"image",
            "url":"assets/mj/24.jpg"
        },
        {
            "name":"mj25",
            "type":"image",
            "url":"assets/mj/25.jpg"
        },
        {
            "name":"mj26",
            "type":"image",
            "url":"assets/mj/26.jpg"
        },
        {
            "name":"mj27",
            "type":"image",
            "url":"assets/mj/27.jpg"
        },
        {
            "name":"mj28",
            "type":"image",
            "url":"assets/mj/28.jpg"
        },
        {
            "name":"mj29",
            "type":"image",
            "url":"assets/mj/29.jpg"
        }

        ,
        {
            "name":"mj31",
            "type":"image",
            "url":"assets/mj/31.jpg"
        },
        {
            "name":"mj32",
            "type":"image",
            "url":"assets/mj/32.jpg"
        },
        {
            "name":"mj33",
            "type":"image",
            "url":"assets/mj/33.jpg"
        },
        {
            "name":"mj34",
            "type":"image",
            "url":"assets/mj/34.jpg"
        },
        {
            "name":"mj35",
            "type":"image",
            "url":"assets/mj/35.jpg"
        },
        {
            "name":"mj36",
            "type":"image",
            "url":"assets/mj/36.jpg"
        },
        {
            "name":"mj37",
            "type":"image",
            "url":"assets/mj/37.jpg"
        },
        {
            "name":"mj38",
            "type":"image",
            "url":"assets/mj/38.jpg"
        },
        {
            "name":"mj39",
            "type":"image",
            "url":"assets/mj/39.jpg"
        }

        ,
        {
            "name":"mj41",
            "type":"image",
            "url":"assets/mj/41.jpg"
        },
        {
            "name":"mj42",
            "type":"image",
            "url":"assets/mj/42.jpg"
        },
        {
            "name":"mj43",
            "type":"image",
            "url":"assets/mj/43.jpg"
        },
        {
            "name":"mj44",
            "type":"image",
            "url":"assets/mj/44.jpg"
        },
        {
            "name":"mj45",
            "type":"image",
            "url":"assets/mj/45.jpg"
        },
        {
            "name":"mj46",
            "type":"image",
            "url":"assets/mj/46.jpg"
        },
        {
            "name":"mj47",
            "type":"image",
            "url":"assets/mj/47.jpg"
        }

        ,
        {
            "name":"mj51",
            "type":"image",
            "url":"assets/mj/51.jpg"
        },
        {
            "name":"mj52",
            "type":"image",
            "url":"assets/mj/52.jpg"
        },
        {
            "name":"mj53",
            "type":"image",
            "url":"assets/mj/53.jpg"
        },
        {
            "name":"mj54",
            "type":"image",
            "url":"assets/mj/54.jpg"
        },
        {
            "name":"mj55",
            "type":"image",
            "url":"assets/mj/55.jpg"
        },
        {
            "name":"mj56",
            "type":"image",
            "url":"assets/mj/56.jpg"
        },
        {
            "name":"mj57",
            "type":"image",
            "url":"assets/mj/57.jpg"
        },
        {
            "name":"mj58",
            "type":"image",
            "url":"assets/mj/58.jpg"
        }
    ]
}