{
    "groups":[
        {
            "keys":"puke101,puke102,puke103,puke104,puke105,puke106,puke107,puke108,puke109,puke110,puke111,puke112,puke113,puke201,puke202,puke203,puke204,puke205,puke206,puke207,puke208,puke209,puke210,puke211,puke212,puke213,puke301,puke302,puke303,puke304,puke305,puke306,puke307,puke308,puke309,puke310,puke311,puke312,puke313,puke401,puke402,puke403,puke404,puke405,puke406,puke407,puke408,puke409,puke410,puke411,puke412,puke413,puke501,puke502",
            "name":"preload_puke"
        }
    ],
    "resources":[
        {
            "name":"puke101",
            "type":"image",
            "url":"assets/puke/101.jpg"
        },
        {
            "name":"puke102",
            "type":"image",
            "url":"assets/puke/102.jpg"
        },
        {
            "name":"puke103",
            "type":"image",
            "url":"assets/puke/103.jpg"
        },
        {
            "name":"puke104",
            "type":"image",
            "url":"assets/puke/104.jpg"
        },
        {
            "name":"puke105",
            "type":"image",
            "url":"assets/puke/105.jpg"
        },
        {
            "name":"puke106",
            "type":"image",
            "url":"assets/puke/106.jpg"
        },
        {
            "name":"puke107",
            "type":"image",
            "url":"assets/puke/107.jpg"
        },
        {
            "name":"puke108",
            "type":"image",
            "url":"assets/puke/108.jpg"
        },
        {
            "name":"puke109",
            "type":"image",
            "url":"assets/puke/109.jpg"
        },
        {
            "name":"puke110",
            "type":"image",
            "url":"assets/puke/110.jpg"
        },
        {
            "name":"puke111",
            "type":"image",
            "url":"assets/puke/111.jpg"
        },
        {
            "name":"puke112",
            "type":"image",
            "url":"assets/puke/112.jpg"
        },
        {
            "name":"puke113",
            "type":"image",
            "url":"assets/puke/113.jpg"
        }

        ,
        {
            "name":"puke201",
            "type":"image",
            "url":"assets/puke/201.jpg"
        },
        {
            "name":"puke202",
            "type":"image",
            "url":"assets/puke/202.jpg"
        },
        {
            "name":"puke203",
            "type":"image",
            "url":"assets/puke/203.jpg"
        },
        {
            "name":"puke204",
            "type":"image",
            "url":"assets/puke/204.jpg"
        },
        {
            "name":"puke205",
            "type":"image",
            "url":"assets/puke/205.jpg"
        },
        {
            "name":"puke206",
            "type":"image",
            "url":"assets/puke/206.jpg"
        },
        {
            "name":"puke207",
            "type":"image",
            "url":"assets/puke/207.jpg"
        },
        {
            "name":"puke208",
            "type":"image",
            "url":"assets/puke/208.jpg"
        },
        {
            "name":"puke209",
            "type":"image",
            "url":"assets/puke/209.jpg"
        },
        {
            "name":"puke210",
            "type":"image",
            "url":"assets/puke/210.jpg"
        },
        {
            "name":"puke211",
            "type":"image",
            "url":"assets/puke/211.jpg"
        },
        {
            "name":"puke212",
            "type":"image",
            "url":"assets/puke/212.jpg"
        },
        {
            "name":"puke213",
            "type":"image",
            "url":"assets/puke/213.jpg"
        }

        ,
        {
            "name":"puke301",
            "type":"image",
            "url":"assets/puke/301.jpg"
        },
        {
            "name":"puke302",
            "type":"image",
            "url":"assets/puke/302.jpg"
        },
        {
            "name":"puke303",
            "type":"image",
            "url":"assets/puke/303.jpg"
        },
        {
            "name":"puke304",
            "type":"image",
            "url":"assets/puke/304.jpg"
        },
        {
            "name":"puke305",
            "type":"image",
            "url":"assets/puke/305.jpg"
        },
        {
            "name":"puke306",
            "type":"image",
            "url":"assets/puke/306.jpg"
        },
        {
            "name":"puke307",
            "type":"image",
            "url":"assets/puke/307.jpg"
        },
        {
            "name":"puke308",
            "type":"image",
            "url":"assets/puke/308.jpg"
        },
        {
            "name":"puke309",
            "type":"image",
            "url":"assets/puke/309.jpg"
        },
        {
            "name":"puke310",
            "type":"image",
            "url":"assets/puke/310.jpg"
        },
        {
            "name":"puke311",
            "type":"image",
            "url":"assets/puke/311.jpg"
        },
        {
            "name":"puke312",
            "type":"image",
            "url":"assets/puke/312.jpg"
        },
        {
            "name":"puke313",
            "type":"image",
            "url":"assets/puke/313.jpg"
        }

        ,
        {
            "name":"puke401",
            "type":"image",
            "url":"assets/puke/401.jpg"
        },
        {
            "name":"puke402",
            "type":"image",
            "url":"assets/puke/402.jpg"
        },
        {
            "name":"puke403",
            "type":"image",
            "url":"assets/puke/403.jpg"
        },
        {
            "name":"puke404",
            "type":"image",
            "url":"assets/puke/404.jpg"
        },
        {
            "name":"puke405",
            "type":"image",
            "url":"assets/puke/405.jpg"
        },
        {
            "name":"puke406",
            "type":"image",
            "url":"assets/puke/406.jpg"
        },
        {
            "name":"puke407",
            "type":"image",
            "url":"assets/puke/407.jpg"
        },
        {
            "name":"puke408",
            "type":"image",
            "url":"assets/puke/408.jpg"
        },
        {
            "name":"puke409",
            "type":"image",
            "url":"assets/puke/409.jpg"
        },
        {
            "name":"puke410",
            "type":"image",
            "url":"assets/puke/410.jpg"
        },
        {
            "name":"puke411",
            "type":"image",
            "url":"assets/puke/411.jpg"
        },
        {
            "name":"puke412",
            "type":"image",
            "url":"assets/puke/412.jpg"
        },
        {
            "name":"puke413",
            "type":"image",
            "url":"assets/puke/413.jpg"
        }

        ,
        {
            "name":"puke501",
            "type":"image",
            "url":"assets/puke/501.jpg"
        },
        {
            "name":"puke502",
            "type":"image",
            "url":"assets/puke/502.jpg"
        }
    ]
}