{"name":"guaiwu003_effect","SubTexture":[{"x":136,"y":268,"width":84,"height":40,"name":"AS69338_54319/jiaoxiaguang001"},{"x":377,"y":260,"width":100,"height":46,"name":"AS69338_54319/jiaoxiaguang002"},{"x":577,"y":344,"width":113,"height":53,"name":"AS69338_54319/jiaoxiaguang003"},{"x":377,"y":308,"width":55,"height":37,"name":"AS69338_54319/llkk"},{"x":482,"y":246,"width":230,"height":96,"name":"AS69338_54319/xuedguang001"},{"x":0,"y":0,"width":270,"height":163,"name":"AS69338_54319/xuedguang002"},{"x":136,"y":425,"width":178,"height":43,"name":"AS69338_54319/xuedguang003"},{"x":272,"y":0,"width":253,"height":122,"name":"AS69338_54319/daoguang001"},{"x":779,"y":0,"width":236,"height":122,"name":"AS69338_54319/daoguang002"},{"x":272,"y":124,"width":208,"height":134,"name":"AS69338_54319/daoguang003"},{"x":692,"y":396,"width":198,"height":70,"name":"AS69338_54319/daoguang004"},{"x":527,"y":0,"width":250,"height":121,"name":"AS69338_54319/daoguang005"},{"x":0,"y":165,"width":237,"height":101,"name":"AS69338_54319/daoguang006"},{"x":714,"y":259,"width":189,"height":135,"name":"AS69338_54319/daoguang007"},{"x":763,"y":124,"width":207,"height":133,"name":"AS69338_54319/daoguang008"},{"x":527,"y":123,"width":234,"height":121,"name":"AS69338_54319/daoguang009"},{"x":577,"y":468,"width":155,"height":65,"name":"AS69338_54319/daoguang0010"},{"x":905,"y":259,"width":108,"height":164,"name":"AS69338_54319/baolie001"},{"x":0,"y":268,"width":134,"height":158,"name":"AS69338_54319/baolie002"},{"x":239,"y":260,"width":136,"height":163,"name":"AS69338_54319/baolie003"},{"x":434,"y":344,"width":141,"height":140,"name":"AS69338_54319/baolie004"}],"imagePath":"guaiwu003_effect_texture.png"}