{"version":2.3,"name":"zhujue1","frameRate":24,"armature":[{"skin":[{"name":"default","slot":[{"z":0,"name":117,"display":[{"transform":{"scX":1,"scY":1,"skX":0,"y":0,"pY":103.7,"x":0,"skY":0,"pX":47.4},"name":"zhujue-sc/wandao1","type":"image"},{"transform":{"scX":1,"scY":1,"skX":0,"y":0,"pY":53.9,"x":0.05,"skY":0,"pX":56.4},"name":"zhujue-sc/paobust55","type":"image"},{"transform":{"scX":1,"scY":1,"skX":0,"y":0,"pY":89,"x":0,"skY":0,"pX":116.55},"name":"zhujue-sc/renwugj22","type":"image"},{"transform":{"scX":1,"scY":1,"skX":0,"y":41.75,"pY":61.5,"x":45.1,"skY":0,"pX":60.2},"name":"zhujue-sc/dao1","type":"image"}],"parent":117},{"z":1,"name":101,"display":[{"transform":{"scX":1,"scY":1,"skX":0,"y":-41,"pY":0,"x":-34,"skY":0,"pX":0},"name":"zhujue-sc/toufa001","type":"image"},{"transform":{"scX":1,"scY":1,"skX":0,"y":-41,"pY":0,"x":-34,"skY":0,"pX":0},"name":"zhujue-sc/toufa002","type":"image"},{"transform":{"scX":1,"scY":1,"skX":0,"y":-41,"pY":0,"x":-32.5,"skY":0,"pX":0},"name":"zhujue-sc/toufa003","type":"image"},{"transform":{"scX":1,"scY":1,"skX":0,"y":-40.5,"pY":0,"x":-31.5,"skY":0,"pX":0},"name":"zhujue-sc/toufa004","type":"image"},{"transform":{"scX":1,"scY":1,"skX":0,"y":-40.5,"pY":0,"x":-31.5,"skY":0,"pX":0},"name":"zhujue-sc/toufa005","type":"image"},{"transform":{"scX":1,"scY":1,"skX":0,"y":-40.5,"pY":0,"x":-31.5,"skY":0,"pX":0},"name":"zhujue-sc/toufa006","type":"image"},{"transform":{"scX":1,"scY":1,"skX":0,"y":-40.5,"pY":0,"x":-31,"skY":0,"pX":0},"name":"zhujue-sc/toufa007","type":"image"},{"transform":{"scX":1,"scY":1,"skX":0,"y":-40.5,"pY":0,"x":-31,"skY":0,"pX":0},"name":"zhujue-sc/toufa008","type":"image"},{"transform":{"scX":1,"scY":1,"skX":0,"y":-40,"pY":0,"x":-31,"skY":0,"pX":0},"name":"zhujue-sc/toufa009","type":"image"},{"transform":{"scX":1,"scY":1,"skX":0,"y":-40.5,"pY":0,"x":-31.5,"skY":0,"pX":0},"name":"zhujue-sc/toufa0010","type":"image"},{"transform":{"scX":1,"scY":1,"skX":0,"y":-40.5,"pY":0,"x":-31.5,"skY":0,"pX":0},"name":"zhujue-sc/toufa0011","type":"image"},{"transform":{"scX":1,"scY":1,"skX":0,"y":-40.5,"pY":0,"x":-32.5,"skY":0,"pX":0},"name":"zhujue-sc/toufa0012","type":"image"},{"transform":{"scX":1,"scY":1,"skX":0,"y":0,"pY":103.7,"x":0,"skY":0,"pX":47.4},"name":"zhujue-sc/wandao1","type":"image"},{"transform":{"scX":1,"scY":1,"skX":0,"y":91.25,"pY":92.1,"x":1.9,"skY":0,"pX":10.6},"name":"zhujue-sc/zhujuezuojiao","type":"image"},{"transform":{"scX":1,"scY":1,"skX":0,"y":41.6,"pY":61.5,"x":44.7,"skY":0,"pX":60.2},"name":"zhujue-sc/dao1","type":"image"},{"transform":{"scX":1,"scY":1,"skX":0,"y":0,"pY":82.5,"x":0,"skY":0,"pX":136.5},"name":"zhujue-sc/2_11-1","type":"image"},{"transform":{"scX":1,"scY":1,"skX":0,"y":0,"pY":87,"x":0,"skY":0,"pX":82.5},"name":"zhujue-sc/2_11-2","type":"image"},{"transform":{"scX":1,"scY":1,"skX":0,"y":0,"pY":88,"x":0,"skY":0,"pX":70},"name":"zhujue-sc/2_11-3","type":"image"},{"transform":{"scX":1,"scY":1,"skX":0,"y":0,"pY":98,"x":0,"skY":0,"pX":121},"name":"zhujue-sc/2_11-4","type":"image"},{"transform":{"scX":1,"scY":1,"skX":0,"y":0,"pY":97.5,"x":0,"skY":0,"pX":119.5},"name":"zhujue-sc/2_11-5","type":"image"},{"transform":{"scX":1,"scY":1,"skX":0,"y":0,"pY":98.5,"x":0,"skY":0,"pX":113.5},"name":"zhujue-sc/2_11-6","type":"image"},{"transform":{"scX":1,"scY":1,"skX":0,"y":0,"pY":86.5,"x":0,"skY":0,"pX":63.5},"name":"zhujue-sc/2_11-7","type":"image"},{"transform":{"scX":1,"scY":1,"skX":0,"y":0,"pY":95,"x":0,"skY":0,"pX":63},"name":"zhujue-sc/2_11-8","type":"image"},{"transform":{"scX":1,"scY":1,"skX":0,"y":0,"pY":77.5,"x":0,"skY":0,"pX":71.5},"name":"zhujue-sc/3_12-1","type":"image"},{"transform":{"scX":1,"scY":1,"skX":0,"y":0,"pY":89,"x":0,"skY":0,"pX":99.5},"name":"zhujue-sc/3_12-2","type":"image"},{"transform":{"scX":1,"scY":1,"skX":0,"y":0,"pY":85,"x":0,"skY":0,"pX":100.5},"name":"zhujue-sc/3_12-3","type":"image"},{"transform":{"scX":1,"scY":1,"skX":0,"y":0,"pY":92.5,"x":0,"skY":0,"pX":61.5},"name":"zhujue-sc/3_12-4","type":"image"},{"transform":{"scX":1,"scY":1,"skX":0,"y":0,"pY":107.5,"x":0,"skY":0,"pX":140},"name":"zhujue-sc/3_12-5","type":"image"},{"transform":{"scX":1,"scY":1,"skX":0,"y":0,"pY":89.5,"x":0,"skY":0,"pX":140.5},"name":"zhujue-sc/3_12-6","type":"image"},{"transform":{"scX":1,"scY":1,"skX":0,"y":0,"pY":93,"x":0,"skY":0,"pX":127},"name":"zhujue-sc/3_12-7","type":"image"},{"transform":{"scX":1,"scY":1,"skX":0,"y":0,"pY":93,"x":0,"skY":0,"pX":127.5},"name":"zhujue-sc/3_12-8","type":"image"},{"transform":{"scX":1,"scY":1,"skX":0,"y":0,"pY":92,"x":0,"skY":0,"pX":127.5},"name":"zhujue-sc/3_12-9","type":"image"},{"transform":{"scX":1,"scY":1,"skX":0,"y":0,"pY":104.5,"x":0,"skY":0,"pX":88.5},"name":"zhujue-sc/4_13-1","type":"image"},{"transform":{"scX":1,"scY":1,"skX":0,"y":0,"pY":91.5,"x":0,"skY":0,"pX":61.5},"name":"zhujue-sc/4_13-2","type":"image"},{"transform":{"scX":1,"scY":1,"skX":0,"y":0,"pY":102,"x":0,"skY":0,"pX":74},"name":"zhujue-sc/4_13-3","type":"image"},{"transform":{"scX":1,"scY":1,"skX":0,"y":0,"pY":95,"x":0,"skY":0,"pX":88.5},"name":"zhujue-sc/4_13-4","type":"image"},{"transform":{"scX":1,"scY":1,"skX":0,"y":0,"pY":98.5,"x":0,"skY":0,"pX":90.5},"name":"zhujue-sc/4_13-5","type":"image"},{"transform":{"scX":1,"scY":1,"skX":0,"y":0,"pY":117,"x":0,"skY":0,"pX":104},"name":"zhujue-sc/4_13-6","type":"image"},{"transform":{"scX":1,"scY":1,"skX":0,"y":0,"pY":132,"x":0,"skY":0,"pX":114},"name":"zhujue-sc/4_13-7","type":"image"},{"transform":{"scX":1,"scY":1,"skX":0,"y":0,"pY":156,"x":0,"skY":0,"pX":116},"name":"zhujue-sc/4_13-8","type":"image"},{"transform":{"scX":1,"scY":1,"skX":0,"y":0,"pY":116.5,"x":0,"skY":0,"pX":106},"name":"zhujue-sc/4_13-9","type":"image"},{"transform":{"scX":1,"scY":1,"skX":0,"y":0,"pY":119,"x":0,"skY":0,"pX":99},"name":"zhujue-sc/4_13-10","type":"image"},{"transform":{"scX":1,"scY":1,"skX":0,"y":0,"pY":80.5,"x":0,"skY":0,"pX":65},"name":"zhujue-sc/renwujineng002","type":"image"},{"transform":{"scX":1,"scY":1,"skX":0,"y":0,"pY":80.5,"x":0,"skY":0,"pX":65},"name":"zhujue-sc/renwujineng003","type":"image"},{"transform":{"scX":1,"scY":1,"skX":0,"y":0,"pY":76,"x":0,"skY":0,"pX":63},"name":"zhujue-sc/renwujineng004","type":"image"},{"transform":{"scX":1,"scY":1,"skX":0,"y":0,"pY":74,"x":0,"skY":0,"pX":63},"name":"zhujue-sc/renwujineng005","type":"image"},{"transform":{"scX":1,"scY":1,"skX":0,"y":0,"pY":106,"x":0,"skY":0,"pX":47.5},"name":"zhujue-sc/renwujineng006","type":"image"},{"transform":{"scX":1,"scY":1,"skX":0,"y":0,"pY":116,"x":0,"skY":0,"pX":53.5},"name":"zhujue-sc/renwujineng007","type":"image"},{"transform":{"scX":1,"scY":1,"skX":0,"y":0,"pY":104,"x":0,"skY":0,"pX":68.5},"name":"zhujue-sc/renwujineng008","type":"image"},{"transform":{"scX":1,"scY":1,"skX":0,"y":0,"pY":107.5,"x":0,"skY":0,"pX":71},"name":"zhujue-sc/renwujineng009","type":"image"},{"transform":{"scX":1,"scY":1,"skX":0,"y":0,"pY":124,"x":0,"skY":0,"pX":51.5},"name":"zhujue-sc/renwujineng0010","type":"image"},{"transform":{"scX":1,"scY":1,"skX":0,"y":0,"pY":132.5,"x":0,"skY":0,"pX":43},"name":"zhujue-sc/renwujineng0011","type":"image"}],"parent":101},{"z":2,"name":113,"display":[{"transform":{"scX":1,"scY":1,"skX":0,"y":91.2,"pY":92.1,"x":1.9,"skY":0,"pX":10.6},"name":"zhujue-sc/zhujuezuojiao","type":"image"},{"transform":{"scX":1,"scY":1,"skX":0,"y":0,"pY":54.9,"x":0,"skY":0,"pX":54.15},"name":"zhujue-sc/paost11","type":"image"},{"transform":{"scX":1,"scY":1,"skX":0,"y":87.85,"pY":89.4,"x":2,"skY":0,"pX":12.35},"name":"zhujue-sc/zhujueyoujiao","type":"image"},{"transform":{"scX":1,"scY":1,"skX":0,"y":0,"pY":103.7,"x":0,"skY":0,"pX":47.4},"name":"zhujue-sc/wandao1","type":"image"},{"transform":{"scX":1,"scY":1,"skX":0,"y":41.85,"pY":61.5,"x":45.1,"skY":0,"pX":60.2},"name":"zhujue-sc/dao1","type":"image"},{"transform":{"scX":1,"scY":1,"skX":0,"y":77.65,"pY":96.75,"x":-16.95,"skY":0,"pX":43.6},"name":"zhujue-sc/dagao","type":"image"}],"parent":113},{"z":3,"name":114,"display":[{"transform":{"scX":1,"scY":1,"skX":0,"y":87.75,"pY":89.4,"x":2.05,"skY":0,"pX":12.35},"name":"zhujue-sc/zhujueyoujiao","type":"image"},{"transform":{"scX":1,"scY":1,"skX":0,"y":0.05,"pY":55.05,"x":0.05,"skY":0,"pX":55.9},"name":"zhujue-sc/paobu112","type":"image"},{"transform":{"scX":1,"scY":1,"skX":0,"y":0,"pY":21.25,"x":0,"skY":0,"pX":5.5},"name":"zhujue-sc/zhujuejiao1","type":"image"},{"transform":{"scX":1,"scY":1,"skX":0,"y":0,"pY":91.5,"x":0.05,"skY":0,"pX":45.75},"name":"zhujue-sc/renwu3344","type":"image"},{"transform":{"scX":1,"scY":1,"skX":0,"y":41.9,"pY":61.5,"x":45.1,"skY":0,"pX":60.2},"name":"zhujue-sc/dao1","type":"image"},{"transform":{"scX":1,"scY":1,"skX":0,"y":0.05,"pY":88.35,"x":0.05,"skY":0,"pX":66.7},"name":"zhujue-sc/renwujineng001","type":"image"},{"transform":{"scX":1,"scY":1,"skX":0,"y":77.5,"pY":96.75,"x":-16.95,"skY":0,"pX":43.6},"name":"zhujue-sc/dagao","type":"image"},{"transform":{"scX":1,"scY":1,"skX":0,"y":0,"pY":133,"x":0,"skY":0,"pX":69.1},"name":"zhujue-sc/renwujineng0012","type":"image"},{"transform":{"scX":1,"scY":1,"skX":0,"y":0,"pY":132.5,"x":0,"skY":0,"pX":66},"name":"zhujue-sc/renwujineng0013","type":"image"},{"transform":{"scX":1,"scY":1,"skX":0,"y":0,"pY":96.5,"x":0,"skY":0,"pX":55.5},"name":"zhujue-sc/fukong001","type":"image"},{"transform":{"scX":1,"scY":1,"skX":0,"y":0,"pY":82,"x":0,"skY":0,"pX":63},"name":"zhujue-sc/fukong002","type":"image"},{"transform":{"scX":1,"scY":1,"skX":0,"y":0,"pY":79,"x":0,"skY":0,"pX":59},"name":"zhujue-sc/fukong003","type":"image"},{"transform":{"scX":1,"scY":1,"skX":0,"y":0,"pY":76.5,"x":0,"skY":0,"pX":56.5},"name":"zhujue-sc/fukong004","type":"image"},{"transform":{"scX":1,"scY":1,"skX":0,"y":0,"pY":57.5,"x":0,"skY":0,"pX":90},"name":"zhujue-sc/daodi001","type":"image"},{"transform":{"scX":1,"scY":1,"skX":0,"y":0,"pY":61.5,"x":0,"skY":0,"pX":85.5},"name":"zhujue-sc/daodi002","type":"image"},{"transform":{"scX":1,"scY":1,"skX":0,"y":0,"pY":67.5,"x":0,"skY":0,"pX":77},"name":"zhujue-sc/daodi003","type":"image"},{"transform":{"scX":1,"scY":1,"skX":0,"y":0,"pY":70,"x":0,"skY":0,"pX":73},"name":"zhujue-sc/daodi004","type":"image"},{"transform":{"scX":1,"scY":1,"skX":0,"y":0,"pY":57,"x":0,"skY":0,"pX":92},"name":"zhujue-sc/daodi005","type":"image"},{"transform":{"scX":1,"scY":1,"skX":0,"y":0,"pY":57,"x":0,"skY":0,"pX":93},"name":"zhujue-sc/daodi006","type":"image"},{"transform":{"scX":1,"scY":1,"skX":0,"y":0,"pY":41.5,"x":0,"skY":0,"pX":96.5},"name":"zhujue-sc/daodi007","type":"image"},{"transform":{"scX":1,"scY":1,"skX":0,"y":0,"pY":37.5,"x":0,"skY":0,"pX":99.5},"name":"zhujue-sc/daodi008","type":"image"}],"parent":114},{"z":4,"name":115,"display":[{"transform":{"scX":1,"scY":1,"skX":0,"y":1.85,"pY":17.7,"x":3.25,"skY":0,"pX":7.7},"name":"zhujue-sc/zuoshoupiaodong","type":"image"},{"transform":{"scX":1,"scY":1,"skX":0,"y":0.05,"pY":52.9,"x":0,"skY":0,"pX":54.25},"name":"zhujue-sc/paobust33","type":"image"},{"transform":{"scX":1,"scY":1,"skX":0,"y":11.75,"pY":23.45,"x":0,"skY":0,"pX":7.8},"name":"zhujue-sc/zhujuejiao2","type":"image"},{"transform":{"scX":1,"scY":1,"skX":0,"y":18.9,"pY":37.6,"x":-0.15,"skY":0,"pX":51.7},"name":"zhujue-sc/dao2","type":"image"},{"transform":{"scX":1,"scY":1,"skX":0,"y":-36.3,"pY":36.3,"x":0,"skY":0,"pX":17.5},"name":"zhujue-sc/jiao444","type":"image"}],"parent":115},{"z":5,"name":116,"display":[{"transform":{"scX":1,"scY":1,"skX":0,"y":6.5,"pY":21.5,"x":-7.25,"skY":0,"pX":6.8},"name":"zhujue-sc/youshoupiaod","type":"image"},{"transform":{"scX":1,"scY":1,"skX":0,"y":0.05,"pY":52.05,"x":0.05,"skY":0,"pX":57.15},"name":"zhujue-sc/paobust44","type":"image"},{"transform":{"scX":1,"scY":1,"skX":0,"y":0,"pY":103.7,"x":0,"skY":0,"pX":47.4},"name":"zhujue-sc/wandao1","type":"image"},{"transform":{"scX":1,"scY":1,"skX":0,"y":0,"pY":75,"x":0,"skY":0,"pX":85},"name":"zhujue-sc/renwugj2","type":"image"},{"transform":{"scX":1,"scY":1,"skX":0,"y":-9.4,"pY":14.15,"x":38,"skY":0,"pX":44.1},"name":"zhujue-sc/tui333","type":"image"}],"parent":116},{"z":6,"name":118,"display":[{"transform":{"scX":1,"scY":1,"skX":0,"y":0,"pY":103.7,"x":0,"skY":0,"pX":47.4},"name":"zhujue-sc/wandao1","type":"image"},{"transform":{"scX":1,"scY":1,"skX":0,"y":0.1,"pY":62.15,"x":0,"skY":0,"pX":10.25},"name":"zhujue-sc/jiao11","type":"image"},{"transform":{"scX":1,"scY":1,"skX":0,"y":0.05,"pY":44.2,"x":0,"skY":0,"pX":27.9},"name":"zhujue-sc/tui114","type":"image"},{"transform":{"scX":1,"scY":1,"skX":0,"y":0,"pY":60.85,"x":0.05,"skY":0,"pX":49.25},"name":"zhujue-sc/shoujist1","type":"image"},{"transform":{"scX":1,"scY":1,"skX":0,"y":0,"pY":79.5,"x":0,"skY":0,"pX":75.5},"name":"zhujue-sc/shoujist2","type":"image"},{"transform":{"scX":1,"scY":1,"skX":0,"y":0,"pY":70.5,"x":0,"skY":0,"pX":79},"name":"zhujue-sc/shoujist3","type":"image"},{"transform":{"scX":1,"scY":1,"skX":0,"y":0.05,"pY":60.7,"x":0,"skY":0,"pX":70.5},"name":"zhujue-sc/renwugjst2","type":"image"},{"transform":{"scX":1,"scY":1,"skX":0,"y":0,"pY":56.55,"x":0,"skY":0,"pX":74.9},"name":"zhujue-sc/renwugjst3","type":"image"},{"transform":{"scX":1,"scY":1,"skX":0,"y":0.05,"pY":60.65,"x":0,"skY":0,"pX":44.95},"name":"zhujue-sc/shento55","type":"image"}],"parent":118},{"z":7,"name":119,"display":[{"transform":{"scX":1,"scY":1,"skX":0,"y":58.25,"pY":116.5,"x":0.05,"skY":0,"pX":38.5},"name":"zhujue-sc/budongjiegou","type":"image"},{"transform":{"scX":1,"scY":1,"skX":0,"y":-3.25,"pY":14.25,"x":14.75,"skY":0,"pX":16.3},"name":"zhujue-sc/shou23","type":"image"}],"parent":119},{"z":8,"name":121,"display":[{"transform":{"scX":1,"scY":1,"skX":0,"y":29.4,"pY":58.8,"x":0.05,"skY":0,"pX":30.55},"name":"zhujue-sc/yundongjiegou001","type":"image"},{"transform":{"scX":1,"scY":1,"skX":0,"y":0.05,"pY":29.2,"x":0,"skY":0,"pX":30.25},"name":"zhujue-sc/yundongjiegou002","type":"image"},{"transform":{"scX":1,"scY":1,"skX":0,"y":0,"pY":29.4,"x":0.05,"skY":0,"pX":30.7},"name":"zhujue-sc/yundongjiegou003","type":"image"},{"transform":{"scX":1,"scY":1,"skX":0,"y":0.05,"pY":28.4,"x":0.05,"skY":0,"pX":29.25},"name":"zhujue-sc/yundongjiegou004","type":"image"},{"transform":{"scX":1,"scY":1,"skX":0,"y":0,"pY":28.3,"x":0,"skY":0,"pX":28.6},"name":"zhujue-sc/yundongjiegou005","type":"image"},{"transform":{"scX":1,"scY":1,"skX":0,"y":0.05,"pY":28.45,"x":0,"skY":0,"pX":30.65},"name":"zhujue-sc/yundongjiegou006","type":"image"},{"transform":{"scX":1,"scY":1,"skX":0,"y":0,"pY":27.5,"x":0.05,"skY":0,"pX":29.2},"name":"zhujue-sc/yundongjiegou007","type":"image"},{"transform":{"scX":1,"scY":1,"skX":0,"y":0.05,"pY":27.95,"x":0,"skY":0,"pX":29.6},"name":"zhujue-sc/yundongjiegou008","type":"image"},{"transform":{"scX":1,"scY":1,"skX":0,"y":0,"pY":28,"x":0.05,"skY":0,"pX":29.3},"name":"zhujue-sc/yundongjiegou009","type":"image"},{"transform":{"scX":1,"scY":1,"skX":0,"y":0.05,"pY":28.2,"x":0,"skY":0,"pX":29.85},"name":"zhujue-sc/yundongjiegou010","type":"image"},{"transform":{"scX":1,"scY":1,"skX":0,"y":0,"pY":29.05,"x":0.05,"skY":0,"pX":29.45},"name":"zhujue-sc/yundongjiegou011","type":"image"},{"transform":{"scX":1,"scY":1,"skX":0,"y":0,"pY":28.95,"x":0,"skY":0,"pX":29.4},"name":"zhujue-sc/yundongjiegou012","type":"image"},{"transform":{"scX":1,"scY":1,"skX":0,"y":0.05,"pY":30.7,"x":0,"skY":0,"pX":31.6},"name":"zhujue-sc/tui334","type":"image"},{"transform":{"scX":1,"scY":1,"skX":0,"y":0,"pY":26.6,"x":0.05,"skY":0,"pX":50.8},"name":"zhujue-sc/tui1333","type":"image"},{"transform":{"scX":1,"scY":1,"skX":0,"y":0,"pY":43.15,"x":0,"skY":0,"pX":44.65},"name":"zhujue-sc/paobuj113","type":"image"},{"transform":{"scX":1,"scY":1,"skX":0,"y":0.05,"pY":26.25,"x":-0.05,"skY":0,"pX":59},"name":"zhujue-sc/paobujiao114","type":"image"},{"transform":{"scX":1,"scY":1,"skX":0,"y":0,"pY":24.05,"x":0,"skY":0,"pX":74.55},"name":"zhujue-sc/paobujiao115","type":"image"},{"transform":{"scX":1,"scY":1,"skX":0,"y":0,"pY":28.4,"x":0,"skY":0,"pX":80.85},"name":"zhujue-sc/paobujiao116","type":"image"},{"transform":{"scX":1,"scY":1,"skX":0,"y":0,"pY":45.3,"x":0,"skY":0,"pX":60.05},"name":"zhujue-sc/paobut66","type":"image"},{"transform":{"scX":1,"scY":1,"skX":0,"y":0,"pY":44.95,"x":0.05,"skY":0,"pX":39.65},"name":"zhujue-sc/paobutui77","type":"image"},{"transform":{"scX":1,"scY":1,"skX":0,"y":0,"pY":68.65,"x":0,"skY":0,"pX":33.5},"name":"zhujue-sc/paobut88","type":"image"},{"transform":{"scX":1,"scY":1,"skX":0,"y":0,"pY":30.5,"x":0,"skY":0,"pX":78.7},"name":"zhujue-sc/paobut99","type":"image"},{"transform":{"scX":1,"scY":1,"skX":0,"y":0.05,"pY":14.5,"x":0,"skY":0,"pX":31.25},"name":"zhujue-sc/shou444","type":"image"}],"parent":121},{"z":9,"name":201,"display":[{"transform":{"scX":1,"scY":1,"skX":0,"y":7.65,"pY":7.65,"x":-6.55,"skY":0,"pX":6.6},"name":"zhujue-sc/piaodai001","type":"image"},{"transform":{"scX":1,"scY":1,"skX":0,"y":0,"pY":0,"x":0,"skY":0,"pX":13.6},"name":"zhujue-sc/piaodai002","type":"image"},{"transform":{"scX":1,"scY":1,"skX":0,"y":0,"pY":0.45,"x":0,"skY":0,"pX":14.7},"name":"zhujue-sc/piaodai003","type":"image"},{"transform":{"scX":1,"scY":1,"skX":0,"y":0,"pY":0,"x":0,"skY":0,"pX":16},"name":"zhujue-sc/piaodai004","type":"image"},{"transform":{"scX":1,"scY":1,"skX":0,"y":0,"pY":0.55,"x":0,"skY":0,"pX":16.5},"name":"zhujue-sc/piaodai005","type":"image"},{"transform":{"scX":1,"scY":1,"skX":0,"y":0,"pY":0,"x":0,"skY":0,"pX":17.5},"name":"zhujue-sc/piaodai006","type":"image"},{"transform":{"scX":1,"scY":1,"skX":0,"y":0,"pY":0,"x":0,"skY":0,"pX":17.2},"name":"zhujue-sc/piaodai007","type":"image"},{"transform":{"scX":1,"scY":1,"skX":0,"y":0,"pY":0.65,"x":0,"skY":0,"pX":17.5},"name":"zhujue-sc/piaodai008","type":"image"},{"transform":{"scX":1,"scY":1,"skX":0,"y":0,"pY":0,"x":0,"skY":0,"pX":16.5},"name":"zhujue-sc/piaodai009","type":"image"},{"transform":{"scX":1,"scY":1,"skX":0,"y":0,"pY":0,"x":0,"skY":0,"pX":15.35},"name":"zhujue-sc/piaodai010","type":"image"},{"transform":{"scX":1,"scY":1,"skX":0,"y":0,"pY":0,"x":0,"skY":0,"pX":16.05},"name":"zhujue-sc/piaodai011","type":"image"},{"transform":{"scX":1,"scY":1,"skX":0,"y":0,"pY":0.85,"x":0,"skY":0,"pX":14.75},"name":"zhujue-sc/piaodai012","type":"image"}],"parent":201},{"z":10,"name":"zhujuejiao1","display":[{"transform":{"scX":1,"scY":1,"skX":0,"y":0,"pY":21.25,"x":0,"skY":0,"pX":5.5},"name":"zhujue-sc/zhujuejiao1","type":"image"}],"parent":"zhujuejiao1"},{"z":11,"name":"zhujuejiao2","display":[{"transform":{"scX":1,"scY":1,"skX":0,"y":11.75,"pY":23.45,"x":0,"skY":0,"pX":7.8},"name":"zhujue-sc/zhujuejiao2","type":"image"}],"parent":"zhujuejiao2"}]}],"name":"zhujue1","bone":[{"transform":{"scX":-0.947098,"scY":0.947098,"skX":36.45,"y":-120.1,"x":10,"skY":36.45},"name":117},{"transform":{"scX":1,"scY":1,"skX":0,"y":-135.2,"x":-16.35,"skY":0},"name":101},{"transform":{"scX":1,"scY":1.014801,"skX":-24.94,"y":-95.9,"x":-2.4,"skY":-24.95},"name":113},{"transform":{"scX":0.999985,"scY":1.00798,"skX":21.76,"y":-97.15,"x":-14.35,"skY":21.76},"name":114},{"transform":{"scX":1,"scY":1,"skX":0,"y":-149.3,"x":8.5,"skY":0},"name":115},{"transform":{"scX":1,"scY":1,"skX":0,"y":-138.5,"x":-29.3,"skY":0},"name":116},{"transform":{"scX":0.947098,"scY":0.947098,"skX":1.98,"y":-89.25,"x":-42,"skY":1.98},"name":118},{"transform":{"scX":1,"scY":1,"skX":0,"y":-132.5,"x":-8.85,"skY":0},"name":119},{"transform":{"scX":1,"scY":1,"skX":0,"y":-117.5,"x":-4.55,"skY":0},"name":121},{"transform":{"scX":1,"scY":1,"skX":0,"y":-175.25,"x":-20.9,"skY":0},"name":201},{"transform":{"scX":1,"scY":1,"skX":0,"y":1.4,"x":-50.25,"skY":0},"name":"zhujuejiao1"},{"transform":{"scX":1,"scY":1,"skX":0,"y":-6.75,"x":38.8,"skY":0},"name":"zhujuejiao2"}],"animation":[{"timeline":[{"name":117,"frame":[{"transform":{"scX":-0.947098,"scY":0.947098,"skX":36.45,"y":-120.1,"pY":0,"x":10,"skY":36.45,"pX":0},"z":0,"duration":2},{"transform":{"scX":-0.947098,"scY":0.947098,"skX":36.45,"y":-119.85,"pY":0,"x":10.05,"skY":36.45,"pX":0},"z":0,"duration":2},{"transform":{"scX":-0.947098,"scY":0.947098,"skX":36.45,"y":-119.55,"pY":0,"x":10,"skY":36.45,"pX":0},"z":0,"duration":2},{"transform":{"scX":-0.947098,"scY":0.947098,"skX":36.45,"y":-119.3,"pY":0,"x":10.05,"skY":36.45,"pX":0},"z":0,"duration":2},{"transform":{"scX":-0.947098,"scY":0.947098,"skX":36.45,"y":-119.1,"pY":0,"x":10.1,"skY":36.45,"pX":0},"z":0,"duration":2},{"transform":{"scX":-0.947098,"scY":0.947098,"skX":36.45,"y":-118.9,"pY":0,"x":10.1,"skY":36.45,"pX":0},"z":0,"duration":2},{"transform":{"scX":-0.947098,"scY":0.947098,"skX":36.45,"y":-118.45,"pY":0,"x":10,"skY":36.45,"pX":0},"z":0,"duration":2},{"transform":{"scX":-0.947098,"scY":0.947098,"skX":36.45,"y":-118.85,"pY":0,"x":10,"skY":36.45,"pX":0},"z":0,"duration":2},{"transform":{"scX":-0.947098,"scY":0.947098,"skX":36.45,"y":-119.1,"pY":0,"x":10,"skY":36.45,"pX":0},"z":0,"duration":2},{"transform":{"scX":-0.947098,"scY":0.947098,"skX":36.45,"y":-119.35,"pY":0,"x":10,"skY":36.45,"pX":0},"z":0,"duration":2},{"transform":{"scX":-0.947098,"scY":0.947098,"skX":36.45,"y":-119.6,"pY":0,"x":10,"skY":36.45,"pX":0},"z":0,"duration":2},{"transform":{"scX":-0.947098,"scY":0.947098,"skX":36.45,"y":-120.1,"pY":0,"x":10,"skY":36.45,"pX":0},"z":0,"duration":2}],"offset":0,"scale":1},{"name":101,"frame":[{"transform":{"scX":1,"scY":1,"skX":0,"y":-135.2,"pY":0,"x":-16.35,"skY":0,"pX":0},"z":1,"duration":2},{"transform":{"scX":1,"scY":1,"skX":0,"y":-134.95,"pY":0,"x":-16.35,"skY":0,"pX":0},"z":1,"displayIndex":1,"duration":2},{"transform":{"scX":1,"scY":1,"skX":0,"y":-134.9,"pY":0,"x":-20.4,"skY":0,"pX":0},"z":1,"displayIndex":2,"duration":2},{"transform":{"scX":1,"scY":1,"skX":0,"y":-135.45,"pY":0,"x":-22.4,"skY":0,"pX":0},"z":1,"displayIndex":3,"duration":2},{"transform":{"scX":1,"scY":1,"skX":0,"y":-135.2,"pY":0,"x":-22.4,"skY":0,"pX":0},"z":1,"displayIndex":4,"duration":2},{"transform":{"scX":1,"scY":1,"skX":0,"y":-134.85,"pY":0,"x":-23.7,"skY":0,"pX":0},"z":1,"displayIndex":5,"duration":2},{"transform":{"scX":1,"scY":1,"skX":0,"y":-134.3,"pY":0,"x":-25.05,"skY":0,"pX":0},"z":1,"displayIndex":6,"duration":2},{"transform":{"scX":1,"scY":1,"skX":0,"y":-134.55,"pY":0,"x":-25.05,"skY":0,"pX":0},"z":1,"displayIndex":7,"duration":2},{"transform":{"scX":1,"scY":1,"skX":0,"y":-135.6,"pY":0,"x":-24.2,"skY":0,"pX":0},"z":1,"displayIndex":8,"duration":2},{"transform":{"scX":1,"scY":1,"skX":0,"y":-135.55,"pY":0,"x":-21,"skY":0,"pX":0},"z":1,"displayIndex":9,"duration":2},{"transform":{"scX":1,"scY":1,"skX":0,"y":-135.8,"pY":0,"x":-21,"skY":0,"pX":0},"z":1,"displayIndex":10,"duration":2},{"transform":{"scX":1,"scY":1,"skX":0,"y":-135.65,"pY":0,"x":-18.5,"skY":0,"pX":0},"z":1,"displayIndex":11,"duration":2}],"offset":0,"scale":1},{"name":113,"frame":[{"transform":{"scX":1,"scY":1.014801,"skX":-24.94,"y":-95.9,"pY":0,"x":-2.4,"skY":-24.95,"pX":0},"z":2,"duration":2},{"transform":{"scX":1,"scY":1.014801,"skX":-24.94,"y":-95.8,"pY":0,"x":-2.5,"skY":-24.95,"pX":0},"z":2,"duration":2},{"transform":{"scX":1,"scY":1.014801,"skX":-24.94,"y":-95.7,"pY":0,"x":-2.5,"skY":-24.95,"pX":0},"z":2,"duration":2},{"transform":{"scX":1,"scY":1.014801,"skX":-24.94,"y":-95.6,"pY":0,"x":-2.5,"skY":-24.95,"pX":0},"z":2,"duration":2},{"transform":{"scX":1,"scY":1.014801,"skX":-24.94,"y":-95.4,"pY":0,"x":-2.5,"skY":-24.95,"pX":0},"z":2,"duration":2},{"transform":{"scX":1,"scY":1.014801,"skX":-24.94,"y":-95.3,"pY":0,"x":-2.5,"skY":-24.95,"pX":0},"z":2,"duration":2},{"transform":{"scX":1,"scY":1.014801,"skX":-24.94,"y":-95.1,"pY":0,"x":-2.5,"skY":-24.95,"pX":0},"z":2,"duration":2},{"transform":{"scX":1,"scY":1.014801,"skX":-24.94,"y":-95.3,"pY":0,"x":-2.5,"skY":-24.95,"pX":0},"z":2,"duration":2},{"transform":{"scX":1,"scY":1.014801,"skX":-24.94,"y":-95.4,"pY":0,"x":-2.5,"skY":-24.95,"pX":0},"z":2,"duration":2},{"transform":{"scX":1,"scY":1.014801,"skX":-24.94,"y":-95.5,"pY":0,"x":-2.5,"skY":-24.95,"pX":0},"z":2,"duration":2},{"transform":{"scX":1,"scY":1.014801,"skX":-24.94,"y":-95.6,"pY":0,"x":-2.5,"skY":-24.95,"pX":0},"z":2,"duration":2},{"transform":{"scX":1,"scY":1.014801,"skX":-24.94,"y":-95.7,"pY":0,"x":-2.5,"skY":-24.95,"pX":0},"z":2,"duration":2}],"offset":0,"scale":1},{"name":114,"frame":[{"transform":{"scX":0.999985,"scY":1.00798,"skX":21.76,"y":-97.15,"pY":0,"x":-14.35,"skY":21.76,"pX":0},"z":3,"duration":2},{"transform":{"scX":0.999985,"scY":1.00798,"skX":21.76,"y":-97.05,"pY":0.05,"x":-14.45,"skY":21.76,"pX":0},"z":3,"duration":2},{"transform":{"scX":0.999985,"scY":1.00798,"skX":21.76,"y":-96.95,"pY":0.1,"x":-14.45,"skY":21.76,"pX":0},"z":3,"duration":2},{"transform":{"scX":0.999985,"scY":1.00798,"skX":21.76,"y":-96.85,"pY":0.1,"x":-14.45,"skY":21.76,"pX":0},"z":3,"duration":2},{"transform":{"scX":0.999985,"scY":1.00798,"skX":21.76,"y":-96.65,"pY":0.1,"x":-14.45,"skY":21.76,"pX":0},"z":3,"duration":2},{"transform":{"scX":0.999985,"scY":1.00798,"skX":21.76,"y":-96.55,"pY":0.05,"x":-14.45,"skY":21.76,"pX":0},"z":3,"duration":2},{"transform":{"scX":0.999985,"scY":1.00798,"skX":21.76,"y":-96.35,"pY":0.05,"x":-14.45,"skY":21.76,"pX":0},"z":3,"duration":2},{"transform":{"scX":0.999985,"scY":1.00798,"skX":21.76,"y":-96.55,"pY":0.05,"x":-14.45,"skY":21.76,"pX":0},"z":3,"duration":2},{"transform":{"scX":0.999985,"scY":1.00798,"skX":21.76,"y":-96.65,"pY":0.1,"x":-14.45,"skY":21.76,"pX":0},"z":3,"duration":2},{"transform":{"scX":0.999985,"scY":1.00798,"skX":21.76,"y":-96.75,"pY":0.1,"x":-14.45,"skY":21.76,"pX":0},"z":3,"duration":2},{"transform":{"scX":0.999985,"scY":1.00798,"skX":21.76,"y":-96.85,"pY":0.1,"x":-14.45,"skY":21.76,"pX":0},"z":3,"duration":2},{"transform":{"scX":0.999985,"scY":1.00798,"skX":21.76,"y":-96.95,"pY":0.1,"x":-14.45,"skY":21.76,"pX":0},"z":3,"duration":2}],"offset":0,"scale":1},{"name":115,"frame":[{"transform":{"scX":1,"scY":1,"skX":0,"y":-149.3,"pY":0,"x":8.5,"skY":0,"pX":0},"z":4,"duration":8,"tweenEasing":0},{"transform":{"scX":0.999847,"scY":1.001022,"skX":-5.79,"y":-147.6,"pY":0,"x":8.45,"skY":-3.31,"pX":0},"z":4,"duration":4,"tweenEasing":0},{"transform":{"scX":1.000015,"scY":1.001984,"skX":-8.83,"y":-147.2,"pY":0,"x":8.4,"skY":-5.22,"pX":0},"z":4,"duration":4,"tweenEasing":0},{"transform":{"scX":0.999817,"scY":1.000946,"skX":-5.53,"y":-147.65,"pY":-0.1,"x":8.45,"skY":-3.27,"pX":-0.05},"z":4,"duration":7,"tweenEasing":0},{"transform":{"scX":1,"scY":1,"skX":0,"y":-149.3,"pY":0,"x":8.5,"skY":0,"pX":0},"z":4,"duration":1}],"offset":0,"scale":1},{"name":116,"frame":[{"transform":{"scX":1,"scY":1,"skX":0,"y":-138.5,"pY":0,"x":-29.3,"skY":0,"pX":0},"z":5,"duration":8,"tweenEasing":0},{"transform":{"scX":0.999847,"scY":0.999847,"skX":3.27,"y":-137.45,"pY":-0.1,"x":-28.95,"skY":3.27,"pX":0},"z":5,"duration":4,"tweenEasing":0},{"transform":{"scX":1.000015,"scY":1.000015,"skX":5,"y":-137.1,"pY":0,"x":-28.8,"skY":5,"pX":0.05},"z":5,"duration":4,"tweenEasing":0},{"transform":{"scX":0.999847,"scY":0.999847,"skX":3.05,"y":-137.55,"pY":-0.05,"x":-28.95,"skY":3.05,"pX":0.05},"z":5,"duration":7,"tweenEasing":0},{"transform":{"scX":1,"scY":1,"skX":0,"y":-138.5,"pY":0,"x":-29.3,"skY":0,"pX":0},"z":5,"duration":1}],"offset":0,"scale":1},{"name":118,"frame":[{"transform":{"scX":0.947098,"scY":0.947098,"skX":1.98,"y":-89.25,"pY":0,"x":-42,"skY":1.98,"pX":0},"z":6,"duration":2},{"transform":{"scX":0.947098,"scY":0.947098,"skX":1.98,"y":-89,"pY":0,"x":-41.95,"skY":1.98,"pX":0},"z":6,"duration":2},{"transform":{"scX":0.947098,"scY":0.947098,"skX":1.98,"y":-88.45,"pY":0,"x":-41.95,"skY":1.98,"pX":0},"z":6,"duration":2},{"transform":{"scX":0.947098,"scY":0.947098,"skX":1.98,"y":-88.2,"pY":0,"x":-41.75,"skY":1.98,"pX":0},"z":6,"duration":2},{"transform":{"scX":0.947098,"scY":0.947098,"skX":1.98,"y":-87.9,"pY":0,"x":-41.75,"skY":1.98,"pX":0},"z":6,"duration":2},{"transform":{"scX":0.947098,"scY":0.947098,"skX":1.98,"y":-88,"pY":0,"x":-41.75,"skY":1.98,"pX":0},"z":6,"duration":2},{"transform":{"scX":0.947098,"scY":0.947098,"skX":1.98,"y":-87.75,"pY":0,"x":-41.75,"skY":1.98,"pX":0},"z":6,"duration":2},{"transform":{"scX":0.947098,"scY":0.947098,"skX":1.98,"y":-88,"pY":0,"x":-41.75,"skY":1.98,"pX":0},"z":6,"duration":2},{"transform":{"scX":0.947098,"scY":0.947098,"skX":1.98,"y":-88.25,"pY":0,"x":-41.75,"skY":1.98,"pX":0},"z":6,"duration":2},{"transform":{"scX":0.947098,"scY":0.947098,"skX":1.98,"y":-88.75,"pY":0,"x":-41.75,"skY":1.98,"pX":0},"z":6,"duration":2},{"transform":{"scX":0.947098,"scY":0.947098,"skX":1.98,"y":-89,"pY":0,"x":-41.75,"skY":1.98,"pX":0},"z":6,"duration":2},{"transform":{"scX":0.947098,"scY":0.947098,"skX":1.98,"y":-89.5,"pY":0,"x":-41.75,"skY":1.98,"pX":0},"z":6,"duration":2}],"offset":0,"scale":1},{"name":119,"frame":[{"transform":{"scX":1,"scY":1,"skX":0,"y":-132.5,"pY":0,"x":-8.85,"skY":0,"pX":0},"z":7,"duration":2},{"transform":{"scX":1,"scY":1,"skX":0,"y":-132.3,"pY":0,"x":-8.75,"skY":0,"pX":0},"z":7,"duration":2},{"transform":{"scX":1,"scY":1,"skX":0,"y":-131.85,"pY":0,"x":-8.75,"skY":0,"pX":0},"z":7,"duration":2},{"transform":{"scX":1,"scY":1,"skX":0,"y":-131.5,"pY":0,"x":-8.65,"skY":0,"pX":0},"z":7,"duration":2},{"transform":{"scX":1,"scY":1,"skX":0,"y":-131,"pY":0,"x":-8.85,"skY":0,"pX":0},"z":7,"duration":2},{"transform":{"scX":1,"scY":1,"skX":0,"y":-131,"pY":0,"x":-8.85,"skY":0,"pX":0},"z":7,"duration":2},{"transform":{"scX":1,"scY":1,"skX":0,"y":-130.75,"pY":0,"x":-8.85,"skY":0,"pX":0},"z":7,"duration":2},{"transform":{"scX":1,"scY":1,"skX":0,"y":-131,"pY":0,"x":-8.85,"skY":0,"pX":0},"z":7,"duration":2},{"transform":{"scX":1,"scY":1,"skX":0,"y":-131.25,"pY":0,"x":-8.85,"skY":0,"pX":0},"z":7,"duration":2},{"transform":{"scX":1,"scY":1,"skX":0,"y":-131.75,"pY":0,"x":-8.85,"skY":0,"pX":0},"z":7,"duration":2},{"transform":{"scX":1,"scY":1,"skX":0,"y":-132,"pY":0,"x":-8.85,"skY":0,"pX":0},"z":7,"duration":2},{"transform":{"scX":1,"scY":1,"skX":0,"y":-132.5,"pY":0,"x":-8.85,"skY":0,"pX":0},"z":7,"duration":2}],"offset":0,"scale":1},{"name":121,"frame":[{"transform":{"scX":1,"scY":1,"skX":0,"y":-117.5,"pY":0,"x":-4.55,"skY":0,"pX":0},"z":8,"duration":2},{"transform":{"scX":1,"scY":1,"skX":0,"y":-117.7,"pY":0,"x":-5.05,"skY":0,"pX":0},"z":8,"displayIndex":1,"duration":2},{"transform":{"scX":1,"scY":1,"skX":0,"y":-117.55,"pY":0,"x":-4.75,"skY":0,"pX":0},"z":8,"displayIndex":2,"duration":2},{"transform":{"scX":1,"scY":1,"skX":0,"y":-118.4,"pY":0,"x":-7.3,"skY":0,"pX":0},"z":8,"displayIndex":3,"duration":2},{"transform":{"scX":1,"scY":1,"skX":0,"y":-118.4,"pY":0,"x":-7.15,"skY":0,"pX":0},"z":8,"displayIndex":4,"duration":2},{"transform":{"scX":1,"scY":1,"skX":0,"y":-118.95,"pY":0,"x":-7.2,"skY":0,"pX":0},"z":8,"displayIndex":5,"duration":2},{"transform":{"scX":1,"scY":1,"skX":0,"y":-119.1,"pY":0,"x":-6.7,"skY":0,"pX":0},"z":8,"displayIndex":6,"duration":2},{"transform":{"scX":1,"scY":1,"skX":0,"y":-119.2,"pY":0,"x":-7.15,"skY":0,"pX":0},"z":8,"displayIndex":7,"duration":2},{"transform":{"scX":1,"scY":1,"skX":0,"y":-119,"pY":0,"x":-7.35,"skY":0,"pX":0},"z":8,"displayIndex":8,"duration":2},{"transform":{"scX":1,"scY":1,"skX":0,"y":-118.7,"pY":0,"x":-6.4,"skY":0,"pX":0},"z":8,"displayIndex":9,"duration":2},{"transform":{"scX":1,"scY":1,"skX":0,"y":-118.05,"pY":0,"x":-7,"skY":0,"pX":0},"z":8,"displayIndex":10,"duration":2},{"transform":{"scX":1,"scY":1,"skX":0,"y":-118.05,"pY":0,"x":-5.95,"skY":0,"pX":0},"z":8,"displayIndex":11,"duration":2}],"offset":0,"scale":1},{"name":201,"frame":[{"transform":{"scX":1,"scY":1,"skX":0,"y":-175.25,"pY":0,"x":-20.9,"skY":0,"pX":0},"z":9,"duration":2},{"transform":{"scX":1,"scY":1,"skX":0,"y":-175,"pY":0,"x":-20.7,"skY":0,"pX":0},"z":9,"displayIndex":1,"duration":2},{"transform":{"scX":1,"scY":1,"skX":0,"y":-174.75,"pY":0,"x":-20.55,"skY":0,"pX":0},"z":9,"displayIndex":2,"duration":2},{"transform":{"scX":1,"scY":1,"skX":0,"y":-174.55,"pY":0,"x":-20.4,"skY":0,"pX":0},"z":9,"displayIndex":3,"duration":2},{"transform":{"scX":1,"scY":1,"skX":0,"y":-174.1,"pY":0,"x":-20.5,"skY":0,"pX":0},"z":9,"displayIndex":4,"duration":2},{"transform":{"scX":1,"scY":1,"skX":0,"y":-174.05,"pY":0,"x":-20.4,"skY":0,"pX":0},"z":9,"displayIndex":5,"duration":2},{"transform":{"scX":1,"scY":1,"skX":0,"y":-173.65,"pY":0,"x":-20.45,"skY":0,"pX":0},"z":9,"displayIndex":6,"duration":2},{"transform":{"scX":1,"scY":1,"skX":0,"y":-173.4,"pY":0,"x":-20.4,"skY":0,"pX":0},"z":9,"displayIndex":7,"duration":2},{"transform":{"scX":1,"scY":1,"skX":0,"y":-174,"pY":0,"x":-20.5,"skY":0,"pX":0},"z":9,"displayIndex":8,"duration":2},{"transform":{"scX":1,"scY":1,"skX":0,"y":-174.6,"pY":0,"x":-20.55,"skY":0,"pX":0},"z":9,"displayIndex":9,"duration":2},{"transform":{"scX":1,"scY":1,"skX":0,"y":-175.1,"pY":0,"x":-19.9,"skY":0,"pX":0},"z":9,"displayIndex":10,"duration":2},{"transform":{"scX":1,"scY":1,"skX":0,"y":-174.75,"pY":0,"x":-20.5,"skY":0,"pX":0},"z":9,"displayIndex":11,"duration":2}],"offset":0,"scale":1},{"name":"zhujuejiao1","frame":[{"transform":{"scX":1,"scY":1,"skX":0,"y":1.4,"pY":0,"x":-50.25,"skY":0,"pX":0},"z":10,"duration":24}],"offset":0,"scale":1},{"name":"zhujuejiao2","frame":[{"transform":{"scX":1,"scY":1,"skX":0,"y":-6.75,"pY":0,"x":38.8,"skY":0,"pX":0},"z":11,"duration":24}],"offset":0,"scale":1}],"duration":24,"tweenEasing":null,"autoTween":0,"scale":1,"loop":1,"name":"daiji","fadeInTime":0},{"timeline":[{"name":117,"frame":[{"duration":8,"displayIndex":-1},{"transform":{"scX":1,"scY":1,"skX":0,"y":-139.05,"pY":0,"x":20.9,"skY":0,"pX":0},"z":0,"displayIndex":1,"duration":2},{"duration":8,"displayIndex":-1},{"transform":{"scX":1,"scY":1,"skX":0,"y":-139.05,"pY":0,"x":19.9,"skY":0,"pX":0},"z":0,"displayIndex":1,"duration":2}],"offset":0,"scale":1},{"name":101,"frame":[{"transform":{"scX":0.947098,"scY":0.919724,"skX":-3,"y":-124.1,"pY":0,"x":-16.9,"skY":-3,"pX":0},"z":1,"displayIndex":12,"duration":2},{"transform":{"scX":0.947052,"scY":0.930084,"skX":-5.4,"y":-118.35,"pY":0,"x":-16.65,"skY":-5.4,"pX":0},"z":1,"displayIndex":12,"duration":2},{"transform":{"scX":0.947037,"scY":0.930099,"skX":-11.37,"y":-110.65,"pY":0,"x":-16,"skY":-11.37,"pX":0},"z":1,"displayIndex":12,"duration":2},{"transform":{"scX":0.947052,"scY":0.930115,"skX":-6.63,"y":-115.6,"pY":0,"x":-17.15,"skY":-6.63,"pX":0},"z":1,"displayIndex":12,"duration":2},{"transform":{"scX":0.947052,"scY":0.930084,"skX":-5.4,"y":-118.9,"pY":0,"x":-17,"skY":-5.4,"pX":0},"z":1,"displayIndex":12,"duration":2},{"transform":{"scX":0.947098,"scY":0.919724,"skX":-3,"y":-124.1,"pY":0,"x":-16.9,"skY":-3,"pX":0},"z":1,"displayIndex":12,"duration":2},{"transform":{"scX":0.947052,"scY":0.930084,"skX":-5.4,"y":-118.35,"pY":0,"x":-16.65,"skY":-5.4,"pX":0},"z":1,"displayIndex":12,"duration":2},{"transform":{"scX":0.947037,"scY":0.930099,"skX":-11.37,"y":-110.65,"pY":0,"x":-16,"skY":-11.37,"pX":0},"z":1,"displayIndex":12,"duration":2},{"transform":{"scX":0.947052,"scY":0.930115,"skX":-6.63,"y":-115.6,"pY":0,"x":-17.15,"skY":-6.63,"pX":0},"z":1,"displayIndex":12,"duration":2},{"transform":{"scX":0.947052,"scY":0.930084,"skX":-5.4,"y":-118.9,"pY":0,"x":-17,"skY":-5.4,"pX":0},"z":1,"displayIndex":12,"duration":2}],"offset":0,"scale":1},{"name":113,"frame":[{"transform":{"scX":1,"scY":1,"skX":0,"y":-139.3,"pY":0,"x":26.95,"skY":0,"pX":0},"z":2,"displayIndex":1,"duration":2},{"duration":8,"displayIndex":-1},{"transform":{"scX":1,"scY":1,"skX":0,"y":-138.8,"pY":0,"x":27.45,"skY":0,"pX":0},"z":2,"displayIndex":1,"duration":2},{"duration":8,"displayIndex":-1}],"offset":0,"scale":1},{"name":114,"frame":[{"duration":2,"displayIndex":-1},{"transform":{"scX":1,"scY":1,"skX":0,"y":-136.7,"pY":0,"x":22.65,"skY":0,"pX":0},"z":3,"displayIndex":1,"duration":2},{"duration":8,"displayIndex":-1},{"transform":{"scX":1,"scY":1,"skX":0,"y":-136.95,"pY":0,"x":21.4,"skY":0,"pX":0},"z":3,"displayIndex":1,"duration":2},{"duration":6,"displayIndex":-1}],"offset":0,"scale":1},{"name":115,"frame":[{"duration":4,"displayIndex":-1},{"transform":{"scX":1,"scY":1,"skX":0,"y":-135.85,"pY":0,"x":21.55,"skY":0,"pX":0},"z":4,"displayIndex":1,"duration":2},{"duration":8,"displayIndex":-1},{"transform":{"scX":1,"scY":1,"skX":0,"y":-136.85,"pY":0,"x":21.8,"skY":0,"pX":0},"z":4,"displayIndex":1,"duration":2},{"duration":4,"displayIndex":-1}],"offset":0,"scale":1},{"name":116,"frame":[{"duration":6,"displayIndex":-1},{"transform":{"scX":1,"scY":1,"skX":0,"y":-138.95,"pY":0,"x":18.15,"skY":0,"pX":0},"z":5,"displayIndex":1,"duration":2},{"duration":8,"displayIndex":-1},{"transform":{"scX":1,"scY":1,"skX":0,"y":-138.7,"pY":0,"x":18.9,"skY":0,"pX":0},"z":5,"displayIndex":1,"duration":2},{"duration":2,"displayIndex":-1}],"offset":0,"scale":1},{"name":118,"frame":[{"transform":{"scX":0.999985,"scY":0.999985,"skX":50.49,"y":-58.05,"pY":0,"x":-33.2,"skY":50.49,"pX":0},"z":6,"displayIndex":1,"duration":2},{"transform":{"scX":1,"scY":1,"skX":0,"y":-45.75,"pY":0,"x":32.2,"skY":0,"pX":0},"z":6,"displayIndex":2,"duration":2},{"duration":16,"displayIndex":-1}],"offset":0,"scale":1},{"name":121,"frame":[{"transform":{"scX":1,"scY":1,"skX":0,"y":-72.35,"pY":0,"x":44.15,"skY":0,"pX":0},"z":8,"displayIndex":12,"duration":2},{"transform":{"scX":1,"scY":1,"skX":0,"y":-64.15,"pY":0,"x":-28.7,"skY":0,"pX":0},"z":8,"displayIndex":13,"duration":2},{"transform":{"scX":1,"scY":1,"skX":0,"y":-44.9,"pY":0,"x":-5.1,"skY":0,"pX":0},"z":8,"displayIndex":14,"duration":2},{"transform":{"scX":0.999985,"scY":0.999985,"skX":-42.51,"y":-41.35,"pY":0,"x":-0.2,"skY":-42.51,"pX":0},"z":8,"displayIndex":15,"duration":2},{"transform":{"scX":0.999969,"scY":0.999969,"skX":-41.44,"y":-48.75,"pY":0,"x":-6.25,"skY":-41.44,"pX":0},"z":8,"displayIndex":16,"duration":2},{"transform":{"scX":0.999985,"scY":0.999985,"skX":-41.45,"y":-58.6,"pY":0,"x":-3.05,"skY":-41.45,"pX":0},"z":8,"displayIndex":17,"duration":2},{"transform":{"scX":1,"scY":1,"skX":0,"y":-45.85,"pY":0,"x":-6.75,"skY":0,"pX":0},"z":8,"displayIndex":18,"duration":2},{"transform":{"scX":1,"scY":1,"skX":0,"y":-45.5,"pY":0,"x":-5.1,"skY":0,"pX":0},"z":8,"displayIndex":19,"duration":2},{"transform":{"scX":0.999969,"scY":0.999969,"skX":51.22,"y":-53.25,"pY":0,"x":-1.45,"skY":51.22,"pX":0},"z":8,"displayIndex":20,"duration":2},{"transform":{"scX":0.999985,"scY":0.999985,"skX":-39.77,"y":-50.65,"pY":0,"x":-5.15,"skY":-39.77,"pX":0},"z":8,"displayIndex":21,"duration":2}],"offset":0,"scale":1}],"duration":20,"tweenEasing":null,"autoTween":0,"scale":1,"loop":1,"name":"yidong","fadeInTime":0},{"timeline":[{"name":117,"frame":[{"transform":{"scX":-0.947098,"scY":0.947098,"skX":-13.79,"y":-114.6,"pY":0,"x":32.75,"skY":-13.79,"pX":0},"z":0,"duration":2},{"duration":11,"displayIndex":-1},{"transform":{"scX":-0.947098,"scY":0.947098,"skX":-13.79,"y":-114.6,"pY":0,"x":32.75,"skY":-13.79,"pX":0},"z":0,"duration":2}],"offset":0,"scale":1},{"name":101,"frame":[{"transform":{"scX":1.051422,"scY":1.036667,"skX":-23.69,"y":-99.25,"pY":0,"x":-2.85,"skY":-24.71,"pX":0},"z":1,"displayIndex":13,"duration":2},{"duration":11,"displayIndex":-1},{"transform":{"scX":1.051422,"scY":1.036667,"skX":-23.69,"y":-99.25,"pY":0,"x":-2.85,"skY":-24.71,"pX":0},"z":1,"displayIndex":13,"duration":2}],"offset":0,"scale":1},{"name":113,"frame":[{"transform":{"scX":1,"scY":1.008087,"skX":19.78,"y":-97.2,"pY":0,"x":-18.05,"skY":18.81,"pX":0},"z":2,"displayIndex":2,"duration":2},{"duration":11,"displayIndex":-1},{"transform":{"scX":1,"scY":1.008087,"skX":19.78,"y":-97.2,"pY":0,"x":-18.05,"skY":18.81,"pX":0},"z":2,"displayIndex":2,"duration":2}],"offset":0,"scale":1},{"name":114,"frame":[{"transform":{"scX":1,"scY":1,"skX":0,"y":1.4,"pY":0,"x":-51,"skY":0,"pX":0},"z":3,"displayIndex":2,"duration":2},{"duration":11,"displayIndex":-1},{"transform":{"scX":1,"scY":1,"skX":0,"y":1.4,"pY":0,"x":-51,"skY":0,"pX":0},"z":3,"displayIndex":2,"duration":2}],"offset":0,"scale":1},{"name":115,"frame":[{"transform":{"scX":1,"scY":1,"skX":0,"y":-7.25,"pY":0,"x":37.8,"skY":0,"pX":0},"z":4,"displayIndex":2,"duration":2},{"duration":11,"displayIndex":-1},{"transform":{"scX":1,"scY":1,"skX":0,"y":-7.25,"pY":0,"x":37.8,"skY":0,"pX":0},"z":4,"displayIndex":2,"duration":2}],"offset":0,"scale":1},{"name":116,"frame":[{"transform":{"scX":0.947083,"scY":0.947083,"skX":-34.74,"y":-87,"pY":0,"x":-28.25,"skY":-34.74,"pX":0},"z":5,"displayIndex":2,"duration":2},{"duration":11,"displayIndex":-1},{"transform":{"scX":0.947083,"scY":0.947083,"skX":-34.74,"y":-87,"pY":0,"x":-28.25,"skY":-34.74,"pX":0},"z":5,"displayIndex":2,"duration":2}],"offset":0,"scale":1},{"name":118,"frame":[{"transform":{"scX":1,"scY":1,"skX":0,"y":-126.45,"pY":0,"x":-9.95,"skY":0,"pX":0},"z":6,"displayIndex":3,"duration":2},{"transform":{"scX":1,"scY":1,"skX":0,"y":-79.75,"pY":0,"x":-28.75,"skY":0,"pX":0},"z":6,"displayIndex":4,"duration":2},{"transform":{"scX":1,"scY":1,"skX":0,"y":-70.7,"pY":0,"x":-39.05,"skY":0,"pX":0},"z":6,"displayIndex":5,"duration":7},{"transform":{"scX":1,"scY":1,"skX":0,"y":-79.75,"pY":0,"x":-28.75,"skY":0,"pX":0},"z":6,"displayIndex":4,"duration":2},{"transform":{"scX":1,"scY":1,"skX":0,"y":-126.45,"pY":0,"x":-9.95,"skY":0,"pX":0},"z":6,"displayIndex":3,"duration":2}],"offset":0,"scale":1}],"duration":15,"tweenEasing":null,"autoTween":0,"scale":1,"loop":1,"name":"beiji","fadeInTime":0},{"timeline":[{"name":117,"frame":[{"duration":4,"displayIndex":-1},{"transform":{"scX":1,"scY":1,"skX":0,"y":-85.05,"pY":0,"x":40.3,"skY":0,"pX":0},"z":0,"displayIndex":2,"duration":2},{"transform":{"scX":-0.930984,"scY":0.930984,"skX":-15.45,"y":-108.05,"pY":0,"x":-25.85,"skY":-15.45,"pX":0},"z":0,"displayIndex":3,"duration":2},{"transform":{"scX":-0.930969,"scY":0.930969,"skX":-20.39,"y":-104.35,"pY":0.05,"x":-26,"skY":-20.39,"pX":-0.2},"z":0,"displayIndex":3,"duration":2},{"transform":{"scX":-0.930969,"scY":0.930969,"skX":-20.15,"y":-103.1,"pY":0.05,"x":-24.45,"skY":-20.15,"pX":-0.2},"z":0,"displayIndex":3,"duration":2},{"transform":{"scX":-0.930969,"scY":0.930969,"skX":-20.15,"y":-101.6,"pY":0,"x":-23.7,"skY":-20.15,"pX":-0.2},"z":0,"displayIndex":3,"duration":2},{"transform":{"scX":-0.930969,"scY":0.930969,"skX":-20.15,"y":-100.9,"pY":0.15,"x":-22.7,"skY":-20.15,"pX":-0.15},"z":0,"displayIndex":3,"duration":2}],"offset":0,"scale":1},{"name":101,"frame":[{"transform":{"scX":-0.947067,"scY":0.947067,"skX":-177.7,"y":-140.75,"pY":0,"x":-43.3,"skY":-177.7,"pX":0},"z":1,"displayIndex":12,"duration":2},{"duration":4,"displayIndex":-1},{"transform":{"scX":0.930984,"scY":0.930984,"skX":23.33,"y":-92.8,"pY":0,"x":110.8,"skY":23.33,"pX":0},"z":1,"displayIndex":14,"duration":2,"colorTransform":{"bM":100,"aM":40,"rO":0,"rM":100,"gO":0,"gM":100,"bO":0,"aO":0}},{"transform":{"scX":0.931015,"scY":0.931015,"skX":5.63,"y":-102.7,"pY":0.15,"x":91.75,"skY":5.63,"pX":0.3},"z":1,"displayIndex":14,"duration":2,"colorTransform":{"bM":100,"aM":50,"rO":0,"rM":100,"gO":0,"gM":100,"bO":0,"aO":0}},{"duration":6,"displayIndex":-1}],"offset":0,"scale":1},{"name":113,"frame":[{"transform":{"scX":0.947098,"scY":0.947098,"skX":145.04,"y":-154,"pY":0,"x":10.45,"skY":145.04,"pX":0},"z":2,"displayIndex":3,"duration":2},{"duration":4,"displayIndex":-1},{"transform":{"scX":0.931,"scY":0.931,"skX":11.91,"y":-102.75,"pY":0,"x":104.3,"skY":11.91,"pX":0},"z":2,"displayIndex":4,"duration":2,"colorTransform":{"bM":100,"aM":70,"rO":0,"rM":100,"gO":0,"gM":100,"bO":0,"aO":0}},{"duration":8,"displayIndex":-1}],"offset":0,"scale":1},{"name":114,"frame":[{"transform":{"scX":1,"scY":1,"skX":0,"y":-89,"pY":0,"x":-12.5,"skY":0,"pX":0},"z":3,"displayIndex":3,"duration":2},{"duration":4,"displayIndex":-1},{"transform":{"scX":0.931015,"scY":0.931015,"skX":0.4,"y":-110,"pY":0,"x":93.85,"skY":0.4,"pX":0},"z":3,"displayIndex":4,"duration":2},{"transform":{"scX":0.931,"scY":0.883591,"skX":-5.08,"y":-107.55,"pY":0.1,"x":88.35,"skY":-5.08,"pX":-0.25},"z":3,"displayIndex":4,"duration":2},{"transform":{"scX":0.931015,"scY":0.883545,"skX":-7,"y":-106.55,"pY":0.05,"x":86.6,"skY":-7,"pX":-0.3},"z":3,"displayIndex":4,"duration":2},{"transform":{"scX":0.931015,"scY":0.859589,"skX":-7.75,"y":-106,"pY":0.05,"x":85.45,"skY":-7.75,"pX":-0.3},"z":3,"displayIndex":4,"duration":2},{"transform":{"scX":0.931015,"scY":0.859619,"skX":-8.55,"y":-105.45,"pY":-0.05,"x":84.85,"skY":-8.56,"pX":-0.3},"z":3,"displayIndex":4,"duration":2}],"offset":0,"scale":1},{"name":115,"frame":[{"duration":2,"displayIndex":-1},{"transform":{"scX":0.930969,"scY":0.930969,"skX":8.96,"y":-73.6,"pY":0,"x":40.1,"skY":8.96,"pX":0},"z":4,"displayIndex":3,"duration":2,"colorTransform":{"bM":100,"aM":40,"rO":0,"rM":100,"gO":0,"gM":100,"bO":0,"aO":0}},{"transform":{"scX":0.931,"scY":0.931,"skX":5.2,"y":-71.35,"pY":-0.35,"x":95.15,"skY":5.2,"pX":0.25},"z":4,"displayIndex":3,"duration":2,"colorTransform":{"bM":100,"aM":70,"rO":0,"rM":100,"gO":0,"gM":100,"bO":0,"aO":0}},{"transform":{"scX":1,"scY":1,"skX":0,"y":3.35,"pY":0,"x":43.3,"skY":0,"pX":0},"z":4,"displayIndex":4,"event":"attack1","duration":2},{"transform":{"scX":1,"scY":1.000046,"skX":0.39,"y":3.35,"pY":0,"x":43.3,"skY":0,"pX":0},"z":4,"displayIndex":4,"duration":2},{"transform":{"scX":1,"scY":1.000107,"skX":0.83,"y":3.35,"pY":0,"x":43.4,"skY":0,"pX":-0.15},"z":4,"displayIndex":4,"duration":2},{"transform":{"scX":1,"scY":1.000687,"skX":2.1,"y":3.35,"pY":0,"x":43.35,"skY":0,"pX":0.1},"z":4,"displayIndex":4,"duration":2},{"transform":{"scX":1,"scY":1.001404,"skX":3.01,"y":3.35,"pY":0,"x":43.65,"skY":0,"pX":-0.2},"z":4,"displayIndex":4,"duration":2}],"offset":0,"scale":1},{"name":116,"frame":[{"duration":2,"displayIndex":-1},{"transform":{"scX":1,"scY":1,"skX":0,"y":-70.35,"pY":0,"x":8.9,"skY":0,"pX":0},"z":5,"displayIndex":3,"duration":2},{"transform":{"scX":-0.947098,"scY":0.947037,"skX":-140.9,"y":-121.25,"pY":0,"x":-31.95,"skY":-141.38,"pX":0},"z":5,"displayIndex":2,"duration":2},{"transform":{"scX":1,"scY":1.000015,"skX":-24.71,"y":2.25,"pY":0,"x":-66.7,"skY":-24.85,"pX":0},"z":5,"displayIndex":4,"duration":2},{"transform":{"scX":1,"scY":1.003113,"skX":-20.34,"y":2.15,"pY":0.15,"x":-67,"skY":-24.85,"pX":0},"z":5,"displayIndex":4,"duration":2},{"transform":{"scX":1,"scY":1.010406,"skX":-16.61,"y":2.15,"pY":0.1,"x":-66.75,"skY":-24.85,"pX":0},"z":5,"displayIndex":4,"duration":2},{"transform":{"scX":1.008484,"scY":1.004471,"skX":-15.43,"y":2.15,"pY":0.2,"x":-66.7,"skY":-24.63,"pX":0.1},"z":5,"displayIndex":4,"duration":2},{"transform":{"scX":1.014572,"scY":1.000488,"skX":-14.58,"y":2.15,"pY":0.1,"x":-66.5,"skY":-24.47,"pX":0},"z":5,"displayIndex":4,"duration":2}],"offset":0,"scale":1},{"name":118,"frame":[{"duration":6,"displayIndex":-1},{"transform":{"scX":1,"scY":1,"skX":0,"y":-92,"pY":0,"x":35.5,"skY":0,"pX":0},"z":6,"displayIndex":6,"duration":2},{"transform":{"scX":1,"scY":1,"skX":0,"y":-87.85,"pY":0,"x":41,"skY":0,"pX":0},"z":6,"displayIndex":7,"duration":2},{"transform":{"scX":1,"scY":1,"skX":0,"y":-89.4,"pY":0,"x":22.25,"skY":0,"pX":0},"z":6,"displayIndex":8,"duration":2},{"transform":{"scX":1,"scY":1,"skX":0,"y":-89.4,"pY":0,"x":23,"skY":0,"pX":0},"z":6,"displayIndex":8,"duration":2},{"transform":{"scX":1,"scY":1,"skX":0,"y":-89.4,"pY":0,"x":23.75,"skY":0,"pX":0},"z":6,"displayIndex":8,"duration":2}],"offset":0,"scale":1},{"name":119,"frame":[{"duration":10,"displayIndex":-1},{"transform":{"scX":1,"scY":1,"skX":0,"y":-95.8,"pY":0,"x":78.4,"skY":0,"pX":0},"z":7,"displayIndex":1,"duration":2},{"transform":{"scX":1.000839,"scY":1,"skX":0,"y":-95.8,"pY":-0.05,"x":78.9,"skY":-2.31,"pX":0},"z":7,"displayIndex":1,"duration":2},{"transform":{"scX":1.002075,"scY":1,"skX":0,"y":-95.8,"pY":0,"x":79.65,"skY":-3.69,"pX":0},"z":7,"displayIndex":1,"duration":2}],"offset":0,"scale":1},{"name":121,"frame":[{"duration":10,"displayIndex":-1},{"transform":{"scX":1,"scY":1,"skX":0,"y":-95.45,"pY":0,"x":-2.75,"skY":0,"pX":0},"z":8,"displayIndex":22,"duration":2},{"transform":{"scX":1.000122,"scY":1,"skX":0,"y":-95.5,"pY":0.05,"x":29.25,"skY":-0.92,"pX":-31.25},"z":8,"displayIndex":22,"duration":2},{"transform":{"scX":1.000504,"scY":1,"skX":0,"y":-95.5,"pY":0.05,"x":30,"skY":-1.83,"pX":-31.25},"z":8,"displayIndex":22,"duration":2}],"offset":0,"scale":1}],"duration":16,"tweenEasing":null,"autoTween":0,"scale":1,"loop":1,"name":"gongji1","fadeInTime":0},{"timeline":[{"name":101,"frame":[{"transform":{"scX":1,"scY":1,"skX":0,"y":-80.45,"pY":0,"x":20.9,"skY":0,"pX":0},"z":1,"displayIndex":15,"event":"advance1","duration":2},{"transform":{"scX":1,"scY":1,"skX":0,"y":-83.85,"pY":0,"x":12.35,"skY":0,"pX":0},"z":1,"displayIndex":16,"duration":2},{"transform":{"scX":1,"scY":1,"skX":0,"y":-87.85,"pY":0,"x":-8.95,"skY":0,"pX":0},"z":1,"displayIndex":17,"duration":2},{"transform":{"scX":1,"scY":1,"skX":0,"y":-93.95,"pY":0,"x":71.3,"skY":0,"pX":0},"z":1,"displayIndex":18,"duration":2},{"transform":{"scX":1,"scY":1,"skX":0,"y":-93.75,"pY":0,"x":69.8,"skY":0,"pX":0},"z":1,"displayIndex":19,"duration":2},{"transform":{"scX":1,"scY":1,"skX":0,"y":-94.8,"pY":0,"x":63.8,"skY":0,"pX":0},"z":1,"displayIndex":20,"event":"attack1","duration":2},{"transform":{"scX":1,"scY":1,"skX":0,"y":-82.35,"pY":0,"x":16,"skY":0,"pX":0},"z":1,"displayIndex":21,"duration":2},{"transform":{"scX":1,"scY":1,"skX":0,"y":-91.2,"pY":0,"x":12.25,"skY":0,"pX":0},"z":1,"displayIndex":22,"duration":2}],"offset":0,"scale":1}],"duration":16,"tweenEasing":null,"autoTween":0,"scale":1,"loop":1,"name":"gongji2","fadeInTime":0},{"timeline":[{"name":101,"frame":[{"transform":{"scX":1,"scY":1,"skX":0,"y":-75.8,"pY":0,"x":18.15,"skY":0,"pX":0},"z":1,"displayIndex":23,"event":"advance1","duration":2},{"transform":{"scX":1,"scY":1,"skX":0,"y":-116,"pY":0,"x":4.75,"skY":0,"pX":0},"z":1,"displayIndex":24,"duration":2},{"transform":{"scX":1,"scY":1,"skX":0,"y":-124.9,"pY":0,"x":6.6,"skY":0,"pX":0},"z":1,"displayIndex":25,"duration":2},{"transform":{"scX":1,"scY":1,"skX":0,"y":-120.8,"pY":0,"x":18.55,"skY":0,"pX":0},"z":1,"displayIndex":26,"duration":2},{"transform":{"scX":1,"scY":1,"skX":0,"y":-104.45,"pY":0,"x":79.75,"skY":0,"pX":0},"z":1,"displayIndex":27,"duration":2},{"transform":{"scX":1,"scY":1,"skX":0,"y":-86.25,"pY":0,"x":80.25,"skY":0,"pX":0},"z":1,"displayIndex":28,"duration":2},{"transform":{"scX":1,"scY":1,"skX":0,"y":-89.4,"pY":0,"x":66.75,"skY":0,"pX":0},"z":1,"displayIndex":29,"event":"attack1","duration":2},{"transform":{"scX":1,"scY":1,"skX":0,"y":-89.3,"pY":0,"x":67.25,"skY":0,"pX":0},"z":1,"displayIndex":30,"duration":2},{"transform":{"scX":1,"scY":1,"skX":0,"y":-89.1,"pY":0,"x":67.25,"skY":0,"pX":0},"z":1,"displayIndex":31,"duration":2}],"offset":0,"scale":1}],"duration":18,"tweenEasing":null,"autoTween":0,"scale":1,"loop":1,"name":"gongji3","fadeInTime":0},{"timeline":[{"name":101,"frame":[{"transform":{"scX":1,"scY":1,"skX":0,"y":-100.6,"pY":0,"x":9.2,"skY":0,"pX":0},"z":1,"displayIndex":32,"event":"advance1","duration":2},{"transform":{"scX":1,"scY":1,"skX":0,"y":-84.55,"pY":0,"x":-8.4,"skY":0,"pX":0},"z":1,"displayIndex":33,"event":"jump1","duration":2},{"transform":{"scX":1,"scY":1,"skX":0,"y":-98.05,"pY":0,"x":-9.15,"skY":0,"pX":0},"z":1,"displayIndex":34,"duration":2},{"transform":{"scX":1,"scY":1,"skX":0,"y":-89.5,"pY":0,"x":14.1,"skY":0,"pX":0},"z":1,"displayIndex":35,"duration":2},{"transform":{"scX":1,"scY":1,"skX":0,"y":-94.75,"pY":0,"x":21.45,"skY":0,"pX":0},"z":1,"displayIndex":36,"duration":2},{"transform":{"scX":1,"scY":1,"skX":0,"y":-112.85,"pY":0,"x":39.5,"skY":0,"pX":0},"z":1,"displayIndex":37,"event":"attack1_fly","duration":2},{"transform":{"scX":1,"scY":1,"skX":0,"y":-128.15,"pY":0,"x":55.1,"skY":0,"pX":0},"z":1,"displayIndex":38,"duration":2},{"transform":{"scX":1,"scY":1,"skX":0,"y":-152.85,"pY":0,"x":58.35,"skY":0,"pX":0},"z":1,"displayIndex":39,"duration":2},{"transform":{"scX":1,"scY":1,"skX":0,"y":-112.5,"pY":0,"x":33.15,"skY":0,"pX":0},"z":1,"displayIndex":40,"duration":2},{"transform":{"scX":1,"scY":1,"skX":0,"y":-117.35,"pY":0,"x":20.3,"skY":0,"pX":0},"z":1,"displayIndex":41,"event":"jumpLand","duration":2}],"offset":0,"scale":1}],"duration":20,"tweenEasing":null,"autoTween":0,"scale":1,"loop":1,"name":"gongji4","fadeInTime":0},{"timeline":[{"name":101,"frame":[{"transform":{"scX":0.947052,"scY":0.947052,"skX":23.2,"y":-89,"pY":0,"x":-70.45,"skY":23.2,"pX":0},"z":1,"displayIndex":12,"duration":2},{"transform":{"scX":1,"scY":1,"skX":0,"y":-79.3,"pY":0,"x":-20,"skY":0,"pX":0},"z":1,"displayIndex":42,"duration":2},{"transform":{"scX":1,"scY":1,"skX":0,"y":-79.3,"pY":0,"x":-19.65,"skY":0,"pX":0},"z":1,"displayIndex":43,"duration":2},{"transform":{"scX":1,"scY":1,"skX":0,"y":-73.25,"pY":0,"x":-17.9,"skY":0,"pX":0},"z":1,"displayIndex":44,"duration":2},{"transform":{"scX":1,"scY":1,"skX":0,"y":-71.35,"pY":0,"x":12.55,"skY":0,"pX":0},"z":1,"displayIndex":45,"duration":2},{"transform":{"scX":1,"scY":1,"skX":0,"y":-105.9,"pY":0,"x":38.65,"skY":0,"pX":0},"z":1,"displayIndex":46,"event":"skill1","duration":2},{"transform":{"scX":1,"scY":1,"skX":0,"y":-111.6,"pY":0,"x":47.2,"skY":0,"pX":0},"z":1,"displayIndex":47,"event":"skill1","duration":2},{"transform":{"scX":1,"scY":1,"skX":0,"y":-100.9,"pY":0,"x":55.75,"skY":0,"pX":0},"z":1,"displayIndex":48,"event":"skill1","duration":3},{"transform":{"scX":1,"scY":1,"skX":0,"y":-104.7,"pY":0,"x":49,"skY":0,"pX":0},"z":1,"displayIndex":49,"event":"skill1","duration":3},{"transform":{"scX":1,"scY":1,"skX":0,"y":-121.5,"pY":0,"x":18.6,"skY":0,"pX":0},"z":1,"displayIndex":50,"event":"skill1","duration":3},{"transform":{"scX":1,"scY":1,"skX":0,"y":-129.35,"pY":0,"x":18.1,"skY":0,"pX":0},"z":1,"displayIndex":51,"event":"skill1","duration":3},{"transform":{"scX":0.947021,"scY":0.947021,"skX":162.66,"y":-183.6,"pY":0,"x":67.3,"skY":162.66,"pX":0},"z":1,"displayIndex":12,"event":"skill1","duration":2},{"transform":{"scX":0.947052,"scY":0.947052,"skX":157.7,"y":-188.6,"pY":0,"x":60.3,"skY":157.7,"pX":0},"z":1,"displayIndex":12,"event":"skill1_fly","duration":2}],"offset":0,"scale":1},{"name":113,"frame":[{"transform":{"scX":-0.947067,"scY":0.947067,"skX":58.75,"y":-93.8,"pY":0,"x":-21.3,"skY":58.75,"pX":0},"z":2,"displayIndex":3,"duration":2},{"transform":{"scX":1,"scY":1,"skX":-175.94,"y":-132.25,"pY":0,"x":-69.8,"skY":-175.94,"pX":0},"z":2,"displayIndex":5,"duration":2},{"transform":{"scX":0.999985,"scY":0.999985,"skX":-165.48,"y":-139.8,"pY":-0.1,"x":-70.8,"skY":-165.48,"pX":0},"z":2,"displayIndex":5,"duration":2},{"transform":{"scX":1,"scY":1,"skX":81.43,"y":-72.8,"pY":-0.1,"x":2.25,"skY":81.43,"pX":0},"z":2,"displayIndex":5,"duration":2},{"transform":{"scX":0.999969,"scY":0.999969,"skX":56.13,"y":-67.15,"pY":-0.2,"x":58.25,"skY":56.13,"pX":0},"z":2,"displayIndex":5,"duration":2},{"duration":16,"displayIndex":-1},{"transform":{"scX":-0.947083,"scY":0.947052,"skX":165.56,"y":-172.1,"pY":0,"x":-50.1,"skY":165.56,"pX":0},"z":2,"displayIndex":3,"duration":2},{"transform":{"scX":-0.947052,"scY":0.947052,"skX":135.56,"y":-147.1,"pY":0,"x":-54.35,"skY":135.56,"pX":0},"z":2,"displayIndex":3,"duration":2}],"offset":0,"scale":1},{"name":114,"frame":[{"transform":{"scX":1,"scY":1,"skX":0,"y":-84.8,"pY":0,"x":-15.35,"skY":0,"pX":0},"z":3,"displayIndex":5,"duration":2},{"transform":{"scX":1,"scY":1,"skX":0,"y":-133.75,"pY":0,"x":-64.05,"skY":0,"pX":0},"z":3,"displayIndex":6,"duration":2},{"transform":{"scX":1.000015,"scY":1.000015,"skX":6.73,"y":-138.85,"pY":0.05,"x":-67.55,"skY":6.73,"pX":0},"z":3,"displayIndex":6,"duration":2},{"transform":{"scX":0.999969,"scY":0.999969,"skX":-100.52,"y":-76.3,"pY":-0.05,"x":-2.5,"skY":-100.52,"pX":0.1},"z":3,"displayIndex":6,"duration":2},{"transform":{"scX":0.999954,"scY":0.999985,"skX":-128.21,"y":-69.85,"pY":-0.05,"x":54.05,"skY":-128.21,"pX":0.15},"z":3,"displayIndex":6,"duration":2},{"duration":16,"displayIndex":-1},{"transform":{"scX":1,"scY":1,"skX":0,"y":-127.25,"pY":0,"x":7.65,"skY":0,"pX":0},"z":3,"displayIndex":7,"duration":2},{"transform":{"scX":1,"scY":1,"skX":0,"y":-127.75,"pY":0,"x":4.5,"skY":0,"pX":0},"z":3,"displayIndex":8,"duration":2}],"offset":0,"scale":1}],"duration":30,"tweenEasing":null,"autoTween":0,"scale":1,"loop":1,"name":"jineng1","fadeInTime":0},{"timeline":[{"name":117,"frame":[{"transform":{"scX":-0.947098,"scY":0.947098,"skX":-13.79,"y":-115,"pY":0,"x":39.9,"skY":-13.79,"pX":0},"z":0,"duration":2},{"transform":{"scX":-0.947083,"scY":0.947083,"skX":-50.01,"y":-121.5,"pY":0,"x":45.4,"skY":-50.01,"pX":0},"z":0,"duration":2},{"transform":{"scX":-0.947083,"scY":0.947083,"skX":-50.01,"y":-114,"pY":0,"x":36.4,"skY":-50.01,"pX":0},"z":0,"duration":2},{"transform":{"scX":-0.947083,"scY":0.947083,"skX":-51.52,"y":-110.5,"pY":0,"x":28.85,"skY":-51.52,"pX":0},"z":0,"duration":2}],"offset":0,"scale":1},{"name":101,"frame":[{"transform":{"scX":0.947083,"scY":0.947083,"skX":-34.74,"y":-85.9,"pY":0,"x":-20.6,"skY":-34.74,"pX":0},"z":1,"displayIndex":12,"duration":2},{"transform":{"scX":0.947083,"scY":0.947083,"skX":-43.93,"y":-92.4,"pY":0,"x":-11.6,"skY":-43.93,"pX":0},"z":1,"displayIndex":12,"duration":2},{"transform":{"scX":0.947098,"scY":0.947098,"skX":-19.27,"y":-90.4,"pY":0,"x":-7.1,"skY":-19.27,"pX":0},"z":1,"displayIndex":12,"duration":2},{"transform":{"scX":0.947067,"scY":0.947067,"skX":-34.51,"y":-95.4,"pY":0,"x":3.4,"skY":-34.51,"pX":0},"z":1,"displayIndex":12,"duration":2}],"offset":0,"scale":1},{"name":114,"frame":[{"transform":{"scX":1,"scY":1,"skX":0,"y":-92.5,"pY":0,"x":5,"skY":0,"pX":0},"z":3,"displayIndex":9,"duration":2},{"transform":{"scX":1,"scY":1,"skX":0,"y":-80,"pY":0,"x":3,"skY":0,"pX":0},"z":3,"displayIndex":10,"duration":2},{"transform":{"scX":1,"scY":1,"skX":0,"y":-80.75,"pY":0,"x":0,"skY":0,"pX":0},"z":3,"displayIndex":11,"duration":2},{"transform":{"scX":1,"scY":1,"skX":0,"y":-82.25,"pY":0,"x":-5,"skY":0,"pX":0},"z":3,"displayIndex":12,"duration":2}],"offset":0,"scale":1}],"duration":8,"tweenEasing":null,"autoTween":0,"scale":1,"loop":1,"name":"jifei","fadeInTime":0},{"timeline":[{"name":114,"frame":[{"transform":{"scX":1,"scY":1,"skX":0,"y":-43.45,"pY":0,"x":31.6,"skY":0,"pX":0},"z":3,"displayIndex":13,"duration":2},{"transform":{"scX":1,"scY":1,"skX":0,"y":-41.6,"pY":0,"x":25.95,"skY":0,"pX":0},"z":3,"displayIndex":14,"duration":2},{"transform":{"scX":1,"scY":1,"skX":0,"y":-34.45,"pY":0,"x":20.2,"skY":0,"pX":0},"z":3,"displayIndex":15,"duration":2},{"transform":{"scX":1,"scY":1,"skX":0,"y":-33.5,"pY":0,"x":19.05,"skY":0,"pX":0},"z":3,"displayIndex":16,"duration":2},{"transform":{"scX":1,"scY":1,"skX":0,"y":-36.55,"pY":0,"x":33.1,"skY":0,"pX":0},"z":3,"displayIndex":17,"duration":2},{"transform":{"scX":1,"scY":1,"skX":0,"y":-38.05,"pY":0,"x":27.25,"skY":0,"pX":0},"z":3,"displayIndex":18,"duration":2},{"transform":{"scX":1,"scY":1,"skX":0,"y":-11.9,"pY":0,"x":27.05,"skY":0,"pX":0},"z":3,"displayIndex":19,"duration":2},{"transform":{"scX":1,"scY":1,"skX":0,"y":2.8,"pY":0,"x":27.6,"skY":0,"pX":0},"z":3,"displayIndex":20,"duration":2}],"offset":0,"scale":1}],"duration":16,"tweenEasing":null,"autoTween":0,"scale":1,"loop":1,"name":"daodi","fadeInTime":0}]}]}