{"imagePath":"guaiwu003_texture.png","SubTexture":[{"width":70,"y":722,"height":56,"name":"sc/AS17648_38330","x":914},{"width":97,"y":290,"height":90,"name":"sc/AS94706_53119","x":1939},{"width":66,"y":738,"height":53,"name":"sc/AS28701_43839","x":464},{"width":56,"y":693,"height":43,"name":"sc/AS24053_98473","x":1981},{"width":79,"y":701,"height":53,"name":"sc/AS10002_36695","x":1868},{"width":46,"y":586,"height":50,"name":"sc/AS53258_97328","x":1868},{"width":56,"y":399,"height":120,"name":"sc/AS39431_57707","x":1868},{"width":82,"y":607,"height":69,"name":"sc/AS48029_9230","x":395},{"width":105,"y":604,"height":50,"name":"sc/yyk","x":914},{"width":109,"y":500,"height":102,"name":"sc/AS95411_64818","x":914},{"width":123,"y":520,"height":86,"name":"sc/yyyyk","x":395},{"width":135,"y":376,"height":142,"name":"sc/xx2xx22","x":395},{"width":85,"y":0,"height":148,"name":"sc/AS18500_32954","x":1939},{"width":115,"y":461,"height":98,"name":"sc/AS40118_87559","x":1926},{"width":95,"y":738,"height":24,"name":"sc/AS74036_15659","x":1949},{"width":448,"y":782,"height":174,"name":"sc/xx2xx16","x":0},{"width":415,"y":1031,"height":176,"name":"sc/xx2xx17","x":860},{"width":387,"y":992,"height":176,"name":"sc/xx2xx19","x":1412},{"width":450,"y":404,"height":302,"name":"sc/xx2xx21","x":1030},{"width":323,"y":1295,"height":99,"name":"sc/AS9617_33689","x":1689},{"width":278,"y":1356,"height":127,"name":"sc/AS13229_98360","x":450},{"width":305,"y":1326,"height":110,"name":"sc/AS44730_43988","x":1182},{"width":202,"y":896,"height":109,"name":"sc/AS89480_95265","x":1822},{"width":393,"y":1209,"height":161,"name":"sc/xx2xx13","x":787},{"width":494,"y":958,"height":191,"name":"sc/AS33629_78838","x":0},{"width":440,"y":1151,"height":144,"name":"sc/232323","x":0},{"width":419,"y":707,"height":322,"name":"sc/xx2xx9","x":991},{"width":410,"y":1170,"height":154,"name":"sc/xx2xx20","x":1277},{"width":75,"y":655,"height":65,"name":"sc/AS35165_74429","x":914},{"width":393,"y":376,"height":404,"name":"sc/xx2xx6","x":0},{"width":326,"y":770,"height":367,"name":"sc/xx2xx14","x":532},{"width":362,"y":399,"height":402,"name":"sc/xx2xx18","x":1504},{"width":380,"y":384,"height":384,"name":"sc/xx2xx15","x":532},{"width":542,"y":0,"height":374,"name":"sc/xx2xx7","x":0},{"width":456,"y":0,"height":402,"name":"sc/xx2xx10","x":1046},{"width":500,"y":0,"height":382,"name":"sc/xx2xx8","x":544},{"width":433,"y":0,"height":397,"name":"sc/xx2xx11","x":1504},{"width":67,"y":678,"height":71,"name":"sc/AS45925_9393","x":395},{"width":88,"y":150,"height":138,"name":"sc/AS43233_64112","x":1939},{"width":156,"y":1326,"height":121,"name":"sc/xx2xx12","x":1489},{"width":65,"y":678,"height":58,"name":"sc/AS13163_15348","x":464},{"width":64,"y":619,"height":81,"name":"sc/xx2xx1","x":1916},{"width":448,"y":1296,"height":71,"name":"sc/xx2xx5","x":0},{"width":100,"y":381,"height":78,"name":"sc/xx2xx2","x":1939},{"width":109,"y":561,"height":56,"name":"sc/xx2xx3","x":1916},{"width":229,"y":1007,"height":286,"name":"sc/xx2xx4","x":1801},{"width":290,"y":1139,"height":216,"name":"sc/sdff","x":496},{"width":158,"y":764,"height":130,"name":"sc/001","x":1868},{"width":114,"y":384,"height":114,"name":"sc/005","x":914},{"width":139,"y":1369,"height":89,"name":"sc/003","x":0},{"width":68,"y":707,"height":59,"name":"sc/008","x":1412},{"width":408,"y":803,"height":187,"name":"sc/004","x":1412},{"width":64,"y":619,"height":72,"name":"sc/AS35198_36533","x":1981},{"width":46,"y":521,"height":63,"name":"sc/222","x":1868}],"name":"guaiwu003"}