{"imagePath":"jineng1_texture.png","name":"jineng1","SubTexture":[{"y":296,"x":1360,"name":"zhujue-sc/gongjijineng001","width":68,"height":23},{"y":582,"x":429,"name":"zhujue-sc/gongjijineng002","width":198,"height":62},{"y":582,"x":228,"name":"zhujue-sc/gongjijineng003","width":199,"height":92},{"y":561,"x":1059,"name":"zhujue-sc/gongjijineng004","width":224,"height":106},{"y":551,"x":1360,"name":"zhujue-sc/gongjijineng005","width":245,"height":107},{"y":540,"x":1687,"name":"zhujue-sc/gongjijineng006","width":248,"height":107},{"y":339,"x":632,"name":"zhujue-sc/gongjijineng007","width":131,"height":98},{"y":342,"x":228,"name":"sucai/2_11-t-1","width":159,"height":74},{"y":328,"x":788,"name":"sucai/2_11-t-2","width":322,"height":206},{"y":0,"x":1142,"name":"sucai/2_11-t-3","width":312,"height":295},{"y":0,"x":788,"name":"sucai/2_11-t-4","width":353,"height":327},{"y":0,"x":393,"name":"sucai/2_11-t-5","width":394,"height":338},{"y":0,"x":0,"name":"sucai/2_11-t-6","width":392,"height":341},{"y":265,"x":1749,"name":"sucai/2_11-t-7","width":233,"height":274},{"y":418,"x":228,"name":"sucai/new-yuanjian- 10","width":108,"height":56},{"y":535,"x":632,"name":"sucai/new-new- yuanjian- 1","width":251,"height":201},{"y":339,"x":393,"name":"sucai/new-yuanjian- 1","width":237,"height":242},{"y":0,"x":1749,"name":"sucai/new-yuanjian- 2","width":273,"height":263},{"y":286,"x":1455,"name":"sucai/new-yuanjian- 3","width":231,"height":264},{"y":296,"x":1142,"name":"sucai/new-yuanjian- 4","width":217,"height":264},{"y":342,"x":0,"name":"sucai/new-yuanjian- 5","width":227,"height":246},{"y":535,"x":884,"name":"sucai/new-yuanjian- 6","width":174,"height":248},{"y":0,"x":1455,"name":"zhujue-sc/yyyj3","width":292,"height":284}]}