{
	"groups": [
		{
			"keys": "bg_jpg,egret_icon_png,description_json,resource_core_json,global_json,button_down_png,button_up_png,checkbox_select_disabled_png,checkbox_select_down_png,checkbox_select_up_png,checkbox_unselect_png,selected_png,border_png,header_png,thumb_pb_png,track_pb_png,radiobutton_select_disabled_png,radiobutton_select_down_png,radiobutton_select_up_png,radiobutton_unselect_png,roundthumb_png,track_sb_png,thumb_png,track_png,tracklight_png,handle_png,off_png,on_png,font_fnt,font_png,load_Reel_png,guaiwu001_skeleton_json,guaiwu001_texture_json,guaiwu001_texture_png,guaiwu002_skeleton_json,guaiwu002_texture_json,guaiwu002_texture_png,guaiwu002_effect_skeleton_json,guaiwu002_effect_texture_json,guaiwu002_effect_texture_png,guaiwu003_skeleton_json,guaiwu003_texture_json,guaiwu003_texture_png,guaiwu003_effect_skeleton_json,guaiwu003_effect_texture_json,guaiwu003_effect_texture_png,jineng1_skeleton_json,jineng1_texture_json,jineng1_texture_png,jineng2_skeleton_json,jineng2_texture_json,jineng2_texture_png,zhujue1_skeleton_json,zhujue1_texture_json,zhujue1_texture_png,zhujue2_skeleton_json,zhujue2_texture_json,zhujue2_texture_png,bbs_png,btn_activity_png,btn_mail_png,btn_mission_png,btn_shrink_png,btn_shrink_bg_png,btn_wrong_png,card_bg_png,icon_02_png,icon_badge_png,icon_diamond_png,icon_experience_png,icon_factory_png,icon_factory_tittle_png,icon_fertilization_png,icon_fertilizer02_png,icon_fertilizer03_png,icon_fertilizer04_png,icon_fertilizer05_png,icon_friend_png,icon_gold_png,icon_head_png,icon_line_png,icon_LV_png,icon_more_png,icon_name_png,icon_sale_png,icon_shop_png,icon_warehouse_png,menu_bg_png,sto_table_tittle_png,tabBar_down_png,tabBar_selected_down_png,table_activity_png,table_bg_png,table_box_down_png,table_box_down__png,table_box_middle_png,table_box_up_png,table_cloud_png,table_cloud1_png,table_mail_png,table_shop_png,table_task_png,table_tittle_png,table_warehouse_png,task_bg_png,text_fertilizer01_png,text_fertilizer02_png,text_fruit_01_png,text_fruit_02_png,text_fruit_juice_01_png,text_fruit_juice_02_png,text_seed01_png,text_seed02_png,checkbox-select_disabled_png,checkbox-select_normal_png,checkbox-select_over_png,checkbox-unselect_disabled_png,checkbox-unselect_normal_png,checkbox-unselect_over_png,dropdownlist_arrow_down_png,dropdownlist_arrow_up_png,DropDownListButtonSkin_down_png,DropDownListButtonSkin_up_png,hscrollbtn_png,hscrolltrack_png,HSlider_fill_png,HSlider_thumb_png,HSlider_track_png,app_list_item_cutlline_png,app_list_item_select_png,app_list_item_up_png,button_disabled_png,button_down2_png,button_normal_png,onoffbutton_off_label_png,onoffbutton_off_thumb_png,onoffbutton_off_track_png,onoffbutton_on_label_png,onoffbutton_on_thumb_png,onoffbutton_on_track_png,Panel_back_png,Panel_headeBack_png,Progressbar_fill_png,Progressbar_track_png,RadioButton_select_disabled_png,RadioButton_select_normal_png,RadioButton_select_over_png,RadioButton_unselect_disabled_png,RadioButton_unselect_normal_png,RadioButton_unselect_over_png,Tab Bar_select_png,textbox_png,closebtn_disabled_png,closebtn_down_png,closebtn_up_png,togglebutton_disabled_png,togglebutton_normal_png,togglebutton_over_png,togglebutton_selected_png,tree_back_png,tree_btnDisabled_png,tree_btnDisabledSelect_png,tree_btnDown_png,tree_btnDownSelect_png,tree_btnUp_png,tree_btnUpSelect_png,tree_icon_dir_png,tree_icon_file_png,vscrollbtn_png,vscrolltrack_png,VSlider_fill_png,VSlider_thumb_png,VSlider_track_png,-10_png,baoji_png,btnAttack_png,btnAttack1_png,btnSkill1_png,btnSkill1_1_png,btnSkill2_png,btnSkill2_1_png,btnSkill3_png,btnSkill3_1_png,btnSkill4_png,btnSkill4_1_png,move_png,moveBg_png,beiji_wav,bg_mp3,bossAttack_mp3,bossSkill_mp3,dianji_mp3,enemyAttack_mp3,enenyLand_wav,heroAttack_wav,heroBeiji_wav,heroSkill_mp3,resource_ui_json,resource_battle_json,resource_version_json,global_local_json,global_web_json,11_jpg,12_jpg,13_jpg,14_jpg,15_jpg,16_jpg,17_jpg,18_jpg,19_jpg,21_jpg,22_jpg,23_jpg,24_jpg,25_jpg,26_jpg,27_jpg,28_jpg,29_jpg,31_jpg,32_jpg,33_jpg,34_jpg,35_jpg,36_jpg,37_jpg,38_jpg,39_jpg,41_jpg,42_jpg,43_jpg,44_jpg,45_jpg,46_jpg,47_jpg,51_jpg,52_jpg,53_jpg,54_jpg,55_jpg,56_jpg,57_jpg,58_jpg,map1_jpg",
			"name": "preload"
		}
	],
	"resources": [
		{
			"url": "assets/bg.jpg",
			"type": "image",
			"name": "bg_jpg"
		},
		{
			"url": "assets/egret_icon.png",
			"type": "image",
			"name": "egret_icon_png"
		},
		{
			"url": "config/description.json",
			"type": "json",
			"name": "description_json"
		},
		{
			"url": "proto/simple.json",
			"type": "json",
			"name": "simple_json"
		},
		{
			"url": "resource_core.json",
			"type": "json",
			"name": "resource_core_json"
		},
		{
			"url": "config/global.json",
			"type": "json",
			"name": "global_json"
		},
		{
			"url": "eui_assets/Button/button_down.png",
			"type": "image",
			"name": "button_down_png"
		},
		{
			"url": "eui_assets/Button/button_up.png",
			"type": "image",
			"name": "button_up_png"
		},
		{
			"url": "eui_assets/CheckBox/checkbox_select_disabled.png",
			"type": "image",
			"name": "checkbox_select_disabled_png"
		},
		{
			"url": "eui_assets/CheckBox/checkbox_select_down.png",
			"type": "image",
			"name": "checkbox_select_down_png"
		},
		{
			"url": "eui_assets/CheckBox/checkbox_select_up.png",
			"type": "image",
			"name": "checkbox_select_up_png"
		},
		{
			"url": "eui_assets/CheckBox/checkbox_unselect.png",
			"type": "image",
			"name": "checkbox_unselect_png"
		},
		{
			"url": "eui_assets/ItemRenderer/selected.png",
			"type": "image",
			"name": "selected_png"
		},
		{
			"url": "eui_assets/Panel/border.png",
			"type": "image",
			"name": "border_png"
		},
		{
			"url": "eui_assets/Panel/header.png",
			"type": "image",
			"name": "header_png"
		},
		{
			"url": "eui_assets/ProgressBar/thumb_pb.png",
			"type": "image",
			"name": "thumb_pb_png"
		},
		{
			"url": "eui_assets/ProgressBar/track_pb.png",
			"type": "image",
			"name": "track_pb_png"
		},
		{
			"url": "eui_assets/RadioButton/radiobutton_select_disabled.png",
			"type": "image",
			"name": "radiobutton_select_disabled_png"
		},
		{
			"url": "eui_assets/RadioButton/radiobutton_select_down.png",
			"type": "image",
			"name": "radiobutton_select_down_png"
		},
		{
			"url": "eui_assets/RadioButton/radiobutton_select_up.png",
			"type": "image",
			"name": "radiobutton_select_up_png"
		},
		{
			"url": "eui_assets/RadioButton/radiobutton_unselect.png",
			"type": "image",
			"name": "radiobutton_unselect_png"
		},
		{
			"url": "eui_assets/ScrollBar/roundthumb.png",
			"type": "image",
			"name": "roundthumb_png"
		},
		{
			"url": "eui_assets/ScrollBar/track_sb.png",
			"type": "image",
			"name": "track_sb_png"
		},
		{
			"url": "eui_assets/Slider/thumb.png",
			"type": "image",
			"name": "thumb_png"
		},
		{
			"url": "eui_assets/Slider/track.png",
			"type": "image",
			"name": "track_png"
		},
		{
			"url": "eui_assets/Slider/tracklight.png",
			"type": "image",
			"name": "tracklight_png"
		},
		{
			"url": "eui_assets/ToggleSwitch/handle.png",
			"type": "image",
			"name": "handle_png"
		},
		{
			"url": "eui_assets/ToggleSwitch/off.png",
			"type": "image",
			"name": "off_png"
		},
		{
			"url": "eui_assets/ToggleSwitch/on.png",
			"type": "image",
			"name": "on_png"
		},
		{
			"url": "font/font.fnt",
			"type": "font",
			"name": "font_fnt"
		},
		{
			"url": "font/font.png",
			"type": "image",
			"name": "font_png"
		},
		{
			"url": "assets/load_Reel.png",
			"type": "image",
			"name": "load_Reel_png"
		},
		{
			"url": "assets/animation/guaiwu001/guaiwu001_skeleton.json",
			"type": "json",
			"name": "guaiwu001_skeleton_json"
		},
		{
			"url": "assets/animation/guaiwu001/guaiwu001_texture.json",
			"type": "json",
			"name": "guaiwu001_texture_json"
		},
		{
			"url": "assets/animation/guaiwu001/guaiwu001_texture.png",
			"type": "image",
			"name": "guaiwu001_texture_png"
		},
		{
			"url": "assets/animation/guaiwu002/guaiwu002_skeleton.json",
			"type": "json",
			"name": "guaiwu002_skeleton_json"
		},
		{
			"url": "assets/animation/guaiwu002/guaiwu002_texture.json",
			"type": "json",
			"name": "guaiwu002_texture_json"
		},
		{
			"url": "assets/animation/guaiwu002/guaiwu002_texture.png",
			"type": "image",
			"name": "guaiwu002_texture_png"
		},
		{
			"url": "assets/animation/guaiwu002_effect/guaiwu002_effect_skeleton.json",
			"type": "json",
			"name": "guaiwu002_effect_skeleton_json"
		},
		{
			"url": "assets/animation/guaiwu002_effect/guaiwu002_effect_texture.json",
			"type": "json",
			"name": "guaiwu002_effect_texture_json"
		},
		{
			"url": "assets/animation/guaiwu002_effect/guaiwu002_effect_texture.png",
			"type": "image",
			"name": "guaiwu002_effect_texture_png"
		},
		{
			"url": "assets/animation/guaiwu003/guaiwu003_skeleton.json",
			"type": "json",
			"name": "guaiwu003_skeleton_json"
		},
		{
			"url": "assets/animation/guaiwu003/guaiwu003_texture.json",
			"type": "json",
			"name": "guaiwu003_texture_json"
		},
		{
			"url": "assets/animation/guaiwu003/guaiwu003_texture.png",
			"type": "image",
			"name": "guaiwu003_texture_png"
		},
		{
			"url": "assets/animation/guaiwu003_effect/guaiwu003_effect_skeleton.json",
			"type": "json",
			"name": "guaiwu003_effect_skeleton_json"
		},
		{
			"url": "assets/animation/guaiwu003_effect/guaiwu003_effect_texture.json",
			"type": "json",
			"name": "guaiwu003_effect_texture_json"
		},
		{
			"url": "assets/animation/guaiwu003_effect/guaiwu003_effect_texture.png",
			"type": "image",
			"name": "guaiwu003_effect_texture_png"
		},
		{
			"url": "assets/animation/jineng1/jineng1_skeleton.json",
			"type": "json",
			"name": "jineng1_skeleton_json"
		},
		{
			"url": "assets/animation/jineng1/jineng1_texture.json",
			"type": "json",
			"name": "jineng1_texture_json"
		},
		{
			"url": "assets/animation/jineng1/jineng1_texture.png",
			"type": "image",
			"name": "jineng1_texture_png"
		},
		{
			"url": "assets/animation/jineng2/jineng2_skeleton.json",
			"type": "json",
			"name": "jineng2_skeleton_json"
		},
		{
			"url": "assets/animation/jineng2/jineng2_texture.json",
			"type": "json",
			"name": "jineng2_texture_json"
		},
		{
			"url": "assets/animation/jineng2/jineng2_texture.png",
			"type": "image",
			"name": "jineng2_texture_png"
		},
		{
			"url": "assets/animation/zhujue1/zhujue1_skeleton.json",
			"type": "json",
			"name": "zhujue1_skeleton_json"
		},
		{
			"url": "assets/animation/zhujue1/zhujue1_texture.json",
			"type": "json",
			"name": "zhujue1_texture_json"
		},
		{
			"url": "assets/animation/zhujue1/zhujue1_texture.png",
			"type": "image",
			"name": "zhujue1_texture_png"
		},
		{
			"url": "assets/animation/zhujue2/zhujue2_skeleton.json",
			"type": "json",
			"name": "zhujue2_skeleton_json"
		},
		{
			"url": "assets/animation/zhujue2/zhujue2_texture.json",
			"type": "json",
			"name": "zhujue2_texture_json"
		},
		{
			"url": "assets/animation/zhujue2/zhujue2_texture.png",
			"type": "image",
			"name": "zhujue2_texture_png"
		},
		{
			"url": "assets/example/bbs.png",
			"type": "image",
			"name": "bbs_png"
		},
		{
			"url": "assets/example/btn_activity.png",
			"type": "image",
			"name": "btn_activity_png"
		},
		{
			"url": "assets/example/btn_mail.png",
			"type": "image",
			"name": "btn_mail_png"
		},
		{
			"url": "assets/example/btn_mission.png",
			"type": "image",
			"name": "btn_mission_png"
		},
		{
			"url": "assets/example/btn_shrink.png",
			"type": "image",
			"name": "btn_shrink_png"
		},
		{
			"url": "assets/example/btn_shrink_bg.png",
			"type": "image",
			"name": "btn_shrink_bg_png"
		},
		{
			"url": "assets/example/btn_wrong.png",
			"type": "image",
			"name": "btn_wrong_png"
		},
		{
			"url": "assets/example/card_bg.png",
			"type": "image",
			"name": "card_bg_png"
		},
		{
			"url": "assets/example/icon_02.png",
			"type": "image",
			"name": "icon_02_png"
		},
		{
			"url": "assets/example/icon_badge.png",
			"type": "image",
			"name": "icon_badge_png"
		},
		{
			"url": "assets/example/icon_diamond.png",
			"type": "image",
			"name": "icon_diamond_png"
		},
		{
			"url": "assets/example/icon_experience.png",
			"type": "image",
			"name": "icon_experience_png"
		},
		{
			"url": "assets/example/icon_factory.png",
			"type": "image",
			"name": "icon_factory_png"
		},
		{
			"url": "assets/example/icon_factory_tittle.png",
			"type": "image",
			"name": "icon_factory_tittle_png"
		},
		{
			"url": "assets/example/icon_fertilization.png",
			"type": "image",
			"name": "icon_fertilization_png"
		},
		{
			"url": "assets/example/icon_fertilizer02.png",
			"type": "image",
			"name": "icon_fertilizer02_png"
		},
		{
			"url": "assets/example/icon_fertilizer03.png",
			"type": "image",
			"name": "icon_fertilizer03_png"
		},
		{
			"url": "assets/example/icon_fertilizer04.png",
			"type": "image",
			"name": "icon_fertilizer04_png"
		},
		{
			"url": "assets/example/icon_fertilizer05.png",
			"type": "image",
			"name": "icon_fertilizer05_png"
		},
		{
			"url": "assets/example/icon_friend.png",
			"type": "image",
			"name": "icon_friend_png"
		},
		{
			"url": "assets/example/icon_gold.png",
			"type": "image",
			"name": "icon_gold_png"
		},
		{
			"url": "assets/example/icon_head.png",
			"type": "image",
			"name": "icon_head_png"
		},
		{
			"url": "assets/example/icon_line.png",
			"type": "image",
			"name": "icon_line_png"
		},
		{
			"url": "assets/example/icon_LV.png",
			"type": "image",
			"name": "icon_LV_png"
		},
		{
			"url": "assets/example/icon_more.png",
			"type": "image",
			"name": "icon_more_png"
		},
		{
			"url": "assets/example/icon_name.png",
			"type": "image",
			"name": "icon_name_png"
		},
		{
			"url": "assets/example/icon_sale.png",
			"type": "image",
			"name": "icon_sale_png"
		},
		{
			"url": "assets/example/icon_shop.png",
			"type": "image",
			"name": "icon_shop_png"
		},
		{
			"url": "assets/example/icon_warehouse.png",
			"type": "image",
			"name": "icon_warehouse_png"
		},
		{
			"url": "assets/example/menu_bg.png",
			"type": "image",
			"name": "menu_bg_png"
		},
		{
			"url": "assets/example/sto_table_tittle.png",
			"type": "image",
			"name": "sto_table_tittle_png"
		},
		{
			"url": "assets/example/tabBar_down.png",
			"type": "image",
			"name": "tabBar_down_png"
		},
		{
			"url": "assets/example/tabBar_selected_down.png",
			"type": "image",
			"name": "tabBar_selected_down_png"
		},
		{
			"url": "assets/example/table_activity.png",
			"type": "image",
			"name": "table_activity_png"
		},
		{
			"url": "assets/example/table_bg.png",
			"type": "image",
			"name": "table_bg_png"
		},
		{
			"url": "assets/example/table_box_down.png",
			"type": "image",
			"name": "table_box_down_png"
		},
		{
			"url": "assets/example/table_box_down_.png",
			"type": "image",
			"name": "table_box_down__png"
		},
		{
			"url": "assets/example/table_box_middle.png",
			"type": "image",
			"name": "table_box_middle_png"
		},
		{
			"url": "assets/example/table_box_up.png",
			"type": "image",
			"name": "table_box_up_png"
		},
		{
			"url": "assets/example/table_cloud.png",
			"type": "image",
			"name": "table_cloud_png"
		},
		{
			"url": "assets/example/table_cloud1.png",
			"type": "image",
			"name": "table_cloud1_png"
		},
		{
			"url": "assets/example/table_mail.png",
			"type": "image",
			"name": "table_mail_png"
		},
		{
			"url": "assets/example/table_shop.png",
			"type": "image",
			"name": "table_shop_png"
		},
		{
			"url": "assets/example/table_task.png",
			"type": "image",
			"name": "table_task_png"
		},
		{
			"url": "assets/example/table_tittle.png",
			"type": "image",
			"name": "table_tittle_png"
		},
		{
			"url": "assets/example/table_warehouse.png",
			"type": "image",
			"name": "table_warehouse_png"
		},
		{
			"url": "assets/example/task_bg.png",
			"type": "image",
			"name": "task_bg_png"
		},
		{
			"url": "assets/example/text_fertilizer01.png",
			"type": "image",
			"name": "text_fertilizer01_png"
		},
		{
			"url": "assets/example/text_fertilizer02.png",
			"type": "image",
			"name": "text_fertilizer02_png"
		},
		{
			"url": "assets/example/text_fruit_01.png",
			"type": "image",
			"name": "text_fruit_01_png"
		},
		{
			"url": "assets/example/text_fruit_02.png",
			"type": "image",
			"name": "text_fruit_02_png"
		},
		{
			"url": "assets/example/text_fruit_juice_01.png",
			"type": "image",
			"name": "text_fruit_juice_01_png"
		},
		{
			"url": "assets/example/text_fruit_juice_02.png",
			"type": "image",
			"name": "text_fruit_juice_02_png"
		},
		{
			"url": "assets/example/text_seed01.png",
			"type": "image",
			"name": "text_seed01_png"
		},
		{
			"url": "assets/example/text_seed02.png",
			"type": "image",
			"name": "text_seed02_png"
		},
		{
			"url": "assets/simple/CheckBox/checkbox-select_disabled.png",
			"type": "image",
			"name": "checkbox-select_disabled_png"
		},
		{
			"url": "assets/simple/CheckBox/checkbox-select_normal.png",
			"type": "image",
			"name": "checkbox-select_normal_png"
		},
		{
			"url": "assets/simple/CheckBox/checkbox-select_over.png",
			"type": "image",
			"name": "checkbox-select_over_png"
		},
		{
			"url": "assets/simple/CheckBox/checkbox-unselect_disabled.png",
			"type": "image",
			"name": "checkbox-unselect_disabled_png"
		},
		{
			"url": "assets/simple/CheckBox/checkbox-unselect_normal.png",
			"type": "image",
			"name": "checkbox-unselect_normal_png"
		},
		{
			"url": "assets/simple/CheckBox/checkbox-unselect_over.png",
			"type": "image",
			"name": "checkbox-unselect_over_png"
		},
		{
			"url": "assets/simple/DropdownList/dropdownlist_arrow_down.png",
			"type": "image",
			"name": "dropdownlist_arrow_down_png"
		},
		{
			"url": "assets/simple/DropdownList/dropdownlist_arrow_up.png",
			"type": "image",
			"name": "dropdownlist_arrow_up_png"
		},
		{
			"url": "assets/simple/DropdownList/DropDownListButtonSkin_down.png",
			"type": "image",
			"name": "DropDownListButtonSkin_down_png"
		},
		{
			"url": "assets/simple/DropdownList/DropDownListButtonSkin_up.png",
			"type": "image",
			"name": "DropDownListButtonSkin_up_png"
		},
		{
			"url": "assets/simple/HScrollBar/hscrollbtn.png",
			"type": "image",
			"name": "hscrollbtn_png"
		},
		{
			"url": "assets/simple/HScrollBar/hscrolltrack.png",
			"type": "image",
			"name": "hscrolltrack_png"
		},
		{
			"url": "assets/simple/HSlider/HSlider_fill.png",
			"type": "image",
			"name": "HSlider_fill_png"
		},
		{
			"url": "assets/simple/HSlider/HSlider_thumb.png",
			"type": "image",
			"name": "HSlider_thumb_png"
		},
		{
			"url": "assets/simple/HSlider/HSlider_track.png",
			"type": "image",
			"name": "HSlider_track_png"
		},
		{
			"url": "assets/simple/ItemRenderer/app_list_item_cutlline.png",
			"type": "image",
			"name": "app_list_item_cutlline_png"
		},
		{
			"url": "assets/simple/ItemRenderer/app_list_item_select.png",
			"type": "image",
			"name": "app_list_item_select_png"
		},
		{
			"url": "assets/simple/ItemRenderer/app_list_item_up.png",
			"type": "image",
			"name": "app_list_item_up_png"
		},
		{
			"url": "assets/simple/NormalButton/button_disabled.png",
			"type": "image",
			"name": "button_disabled_png"
		},
		{
			"url": "assets/simple/NormalButton/button_down.png",
			"type": "image",
			"name": "button_down2_png"
		},
		{
			"url": "assets/simple/NormalButton/button_normal.png",
			"type": "image",
			"name": "button_normal_png"
		},
		{
			"url": "assets/simple/ONOFFButton/onoffbutton_off_label.png",
			"type": "image",
			"name": "onoffbutton_off_label_png"
		},
		{
			"url": "assets/simple/ONOFFButton/onoffbutton_off_thumb.png",
			"type": "image",
			"name": "onoffbutton_off_thumb_png"
		},
		{
			"url": "assets/simple/ONOFFButton/onoffbutton_off_track.png",
			"type": "image",
			"name": "onoffbutton_off_track_png"
		},
		{
			"url": "assets/simple/ONOFFButton/onoffbutton_on_label.png",
			"type": "image",
			"name": "onoffbutton_on_label_png"
		},
		{
			"url": "assets/simple/ONOFFButton/onoffbutton_on_thumb.png",
			"type": "image",
			"name": "onoffbutton_on_thumb_png"
		},
		{
			"url": "assets/simple/ONOFFButton/onoffbutton_on_track.png",
			"type": "image",
			"name": "onoffbutton_on_track_png"
		},
		{
			"url": "assets/simple/Panel/Panel_back.png",
			"type": "image",
			"name": "Panel_back_png"
		},
		{
			"url": "assets/simple/Panel/Panel_headeBack.png",
			"type": "image",
			"name": "Panel_headeBack_png"
		},
		{
			"url": "assets/simple/ProgressBar/Progressbar_fill.png",
			"type": "image",
			"name": "Progressbar_fill_png"
		},
		{
			"url": "assets/simple/ProgressBar/Progressbar_track.png",
			"type": "image",
			"name": "Progressbar_track_png"
		},
		{
			"url": "assets/simple/RadioButton/RadioButton_select_disabled.png",
			"type": "image",
			"name": "RadioButton_select_disabled_png"
		},
		{
			"url": "assets/simple/RadioButton/RadioButton_select_normal.png",
			"type": "image",
			"name": "RadioButton_select_normal_png"
		},
		{
			"url": "assets/simple/RadioButton/RadioButton_select_over.png",
			"type": "image",
			"name": "RadioButton_select_over_png"
		},
		{
			"url": "assets/simple/RadioButton/RadioButton_unselect_disabled.png",
			"type": "image",
			"name": "RadioButton_unselect_disabled_png"
		},
		{
			"url": "assets/simple/RadioButton/RadioButton_unselect_normal.png",
			"type": "image",
			"name": "RadioButton_unselect_normal_png"
		},
		{
			"url": "assets/simple/RadioButton/RadioButton_unselect_over.png",
			"type": "image",
			"name": "RadioButton_unselect_over_png"
		},
		{
			"url": "assets/simple/TabBar/Tab Bar_select.png",
			"type": "image",
			"name": "Tab Bar_select_png"
		},
		{
			"url": "assets/simple/TextInput/textbox.png",
			"type": "image",
			"name": "textbox_png"
		},
		{
			"url": "assets/simple/TitleWindow/closebtn_disabled.png",
			"type": "image",
			"name": "closebtn_disabled_png"
		},
		{
			"url": "assets/simple/TitleWindow/closebtn_down.png",
			"type": "image",
			"name": "closebtn_down_png"
		},
		{
			"url": "assets/simple/TitleWindow/closebtn_up.png",
			"type": "image",
			"name": "closebtn_up_png"
		},
		{
			"url": "assets/simple/ToggleButton/togglebutton_disabled.png",
			"type": "image",
			"name": "togglebutton_disabled_png"
		},
		{
			"url": "assets/simple/ToggleButton/togglebutton_normal.png",
			"type": "image",
			"name": "togglebutton_normal_png"
		},
		{
			"url": "assets/simple/ToggleButton/togglebutton_over.png",
			"type": "image",
			"name": "togglebutton_over_png"
		},
		{
			"url": "assets/simple/ToggleButton/togglebutton_selected.png",
			"type": "image",
			"name": "togglebutton_selected_png"
		},
		{
			"url": "assets/simple/Tree/tree_back.png",
			"type": "image",
			"name": "tree_back_png"
		},
		{
			"url": "assets/simple/Tree/tree_btnDisabled.png",
			"type": "image",
			"name": "tree_btnDisabled_png"
		},
		{
			"url": "assets/simple/Tree/tree_btnDisabledSelect.png",
			"type": "image",
			"name": "tree_btnDisabledSelect_png"
		},
		{
			"url": "assets/simple/Tree/tree_btnDown.png",
			"type": "image",
			"name": "tree_btnDown_png"
		},
		{
			"url": "assets/simple/Tree/tree_btnDownSelect.png",
			"type": "image",
			"name": "tree_btnDownSelect_png"
		},
		{
			"url": "assets/simple/Tree/tree_btnUp.png",
			"type": "image",
			"name": "tree_btnUp_png"
		},
		{
			"url": "assets/simple/Tree/tree_btnUpSelect.png",
			"type": "image",
			"name": "tree_btnUpSelect_png"
		},
		{
			"url": "assets/simple/Tree/tree_icon_dir.png",
			"type": "image",
			"name": "tree_icon_dir_png"
		},
		{
			"url": "assets/simple/Tree/tree_icon_file.png",
			"type": "image",
			"name": "tree_icon_file_png"
		},
		{
			"url": "assets/simple/VScrollBar/vscrollbtn.png",
			"type": "image",
			"name": "vscrollbtn_png"
		},
		{
			"url": "assets/simple/VScrollBar/vscrolltrack.png",
			"type": "image",
			"name": "vscrolltrack_png"
		},
		{
			"url": "assets/simple/VSlider/VSlider_fill.png",
			"type": "image",
			"name": "VSlider_fill_png"
		},
		{
			"url": "assets/simple/VSlider/VSlider_thumb.png",
			"type": "image",
			"name": "VSlider_thumb_png"
		},
		{
			"url": "assets/simple/VSlider/VSlider_track.png",
			"type": "image",
			"name": "VSlider_track_png"
		},
		{
			"url": "assets/ui/-10.png",
			"type": "image",
			"name": "-10_png"
		},
		{
			"url": "assets/ui/baoji.png",
			"type": "image",
			"name": "baoji_png"
		},
		{
			"url": "assets/ui/btnAttack.png",
			"type": "image",
			"name": "btnAttack_png"
		},
		{
			"url": "assets/ui/btnAttack1.png",
			"type": "image",
			"name": "btnAttack1_png"
		},
		{
			"url": "assets/ui/btnSkill1.png",
			"type": "image",
			"name": "btnSkill1_png"
		},
		{
			"url": "assets/ui/btnSkill1_1.png",
			"type": "image",
			"name": "btnSkill1_1_png"
		},
		{
			"url": "assets/ui/btnSkill2.png",
			"type": "image",
			"name": "btnSkill2_png"
		},
		{
			"url": "assets/ui/btnSkill2_1.png",
			"type": "image",
			"name": "btnSkill2_1_png"
		},
		{
			"url": "assets/ui/btnSkill3.png",
			"type": "image",
			"name": "btnSkill3_png"
		},
		{
			"url": "assets/ui/btnSkill3_1.png",
			"type": "image",
			"name": "btnSkill3_1_png"
		},
		{
			"url": "assets/ui/btnSkill4.png",
			"type": "image",
			"name": "btnSkill4_png"
		},
		{
			"url": "assets/ui/btnSkill4_1.png",
			"type": "image",
			"name": "btnSkill4_1_png"
		},
		{
			"url": "assets/ui/move.png",
			"type": "image",
			"name": "move_png"
		},
		{
			"url": "assets/ui/moveBg.png",
			"type": "image",
			"name": "moveBg_png"
		},
		{
			"url": "sound/beiji.wav",
			"type": "sound",
			"name": "beiji_wav"
		},
		{
			"url": "sound/bg.mp3",
			"type": "sound",
			"name": "bg_mp3"
		},
		{
			"url": "sound/bossAttack.mp3",
			"type": "sound",
			"name": "bossAttack_mp3"
		},
		{
			"url": "sound/bossSkill.mp3",
			"type": "sound",
			"name": "bossSkill_mp3"
		},
		{
			"url": "sound/dianji.mp3",
			"type": "sound",
			"name": "dianji_mp3"
		},
		{
			"url": "sound/enemyAttack.mp3",
			"type": "sound",
			"name": "enemyAttack_mp3"
		},
		{
			"url": "sound/enenyLand.wav",
			"type": "sound",
			"name": "enenyLand_wav"
		},
		{
			"url": "sound/heroAttack.wav",
			"type": "sound",
			"name": "heroAttack_wav"
		},
		{
			"url": "sound/heroBeiji.wav",
			"type": "sound",
			"name": "heroBeiji_wav"
		},
		{
			"url": "sound/heroSkill.mp3",
			"type": "sound",
			"name": "heroSkill_mp3"
		},
		{
			"url": "resource_ui.json",
			"type": "json",
			"name": "resource_ui_json"
		},
		{
			"url": "resource_battle.json",
			"type": "json",
			"name": "resource_battle_json"
		},
		{
			"url": "resource_version.json",
			"type": "json",
			"name": "resource_version_json"
		},
		{
			"url": "config/global_local.json",
			"type": "json",
			"name": "global_local_json"
		},
		{
			"url": "config/global_web.json",
			"type": "json",
			"name": "global_web_json"
		},
		{
			"url": "assets/mj/11.jpg",
			"type": "image",
			"name": "11_jpg"
		},
		{
			"url": "assets/mj/12.jpg",
			"type": "image",
			"name": "12_jpg"
		},
		{
			"url": "assets/mj/13.jpg",
			"type": "image",
			"name": "13_jpg"
		},
		{
			"url": "assets/mj/14.jpg",
			"type": "image",
			"name": "14_jpg"
		},
		{
			"url": "assets/mj/15.jpg",
			"type": "image",
			"name": "15_jpg"
		},
		{
			"url": "assets/mj/16.jpg",
			"type": "image",
			"name": "16_jpg"
		},
		{
			"url": "assets/mj/17.jpg",
			"type": "image",
			"name": "17_jpg"
		},
		{
			"url": "assets/mj/18.jpg",
			"type": "image",
			"name": "18_jpg"
		},
		{
			"url": "assets/mj/19.jpg",
			"type": "image",
			"name": "19_jpg"
		},
		{
			"url": "assets/mj/21.jpg",
			"type": "image",
			"name": "21_jpg"
		},
		{
			"url": "assets/mj/22.jpg",
			"type": "image",
			"name": "22_jpg"
		},
		{
			"url": "assets/mj/23.jpg",
			"type": "image",
			"name": "23_jpg"
		},
		{
			"url": "assets/mj/24.jpg",
			"type": "image",
			"name": "24_jpg"
		},
		{
			"url": "assets/mj/25.jpg",
			"type": "image",
			"name": "25_jpg"
		},
		{
			"url": "assets/mj/26.jpg",
			"type": "image",
			"name": "26_jpg"
		},
		{
			"url": "assets/mj/27.jpg",
			"type": "image",
			"name": "27_jpg"
		},
		{
			"url": "assets/mj/28.jpg",
			"type": "image",
			"name": "28_jpg"
		},
		{
			"url": "assets/mj/29.jpg",
			"type": "image",
			"name": "29_jpg"
		},
		{
			"url": "assets/mj/31.jpg",
			"type": "image",
			"name": "31_jpg"
		},
		{
			"url": "assets/mj/32.jpg",
			"type": "image",
			"name": "32_jpg"
		},
		{
			"url": "assets/mj/33.jpg",
			"type": "image",
			"name": "33_jpg"
		},
		{
			"url": "assets/mj/34.jpg",
			"type": "image",
			"name": "34_jpg"
		},
		{
			"url": "assets/mj/35.jpg",
			"type": "image",
			"name": "35_jpg"
		},
		{
			"url": "assets/mj/36.jpg",
			"type": "image",
			"name": "36_jpg"
		},
		{
			"url": "assets/mj/37.jpg",
			"type": "image",
			"name": "37_jpg"
		},
		{
			"url": "assets/mj/38.jpg",
			"type": "image",
			"name": "38_jpg"
		},
		{
			"url": "assets/mj/39.jpg",
			"type": "image",
			"name": "39_jpg"
		},
		{
			"url": "assets/mj/41.jpg",
			"type": "image",
			"name": "41_jpg"
		},
		{
			"url": "assets/mj/42.jpg",
			"type": "image",
			"name": "42_jpg"
		},
		{
			"url": "assets/mj/43.jpg",
			"type": "image",
			"name": "43_jpg"
		},
		{
			"url": "assets/mj/44.jpg",
			"type": "image",
			"name": "44_jpg"
		},
		{
			"url": "assets/mj/45.jpg",
			"type": "image",
			"name": "45_jpg"
		},
		{
			"url": "assets/mj/46.jpg",
			"type": "image",
			"name": "46_jpg"
		},
		{
			"url": "assets/mj/47.jpg",
			"type": "image",
			"name": "47_jpg"
		},
		{
			"url": "assets/mj/51.jpg",
			"type": "image",
			"name": "51_jpg"
		},
		{
			"url": "assets/mj/52.jpg",
			"type": "image",
			"name": "52_jpg"
		},
		{
			"url": "assets/mj/53.jpg",
			"type": "image",
			"name": "53_jpg"
		},
		{
			"url": "assets/mj/54.jpg",
			"type": "image",
			"name": "54_jpg"
		},
		{
			"url": "assets/mj/55.jpg",
			"type": "image",
			"name": "55_jpg"
		},
		{
			"url": "assets/mj/56.jpg",
			"type": "image",
			"name": "56_jpg"
		},
		{
			"url": "assets/mj/57.jpg",
			"type": "image",
			"name": "57_jpg"
		},
		{
			"url": "assets/mj/58.jpg",
			"type": "image",
			"name": "58_jpg"
		},
		{
			"url": "assets/bg/map1.jpg",
			"type": "image",
			"name": "map1_jpg"
		},
		{
			"url": "assets/bg/vmobile.jpg",
			"type": "image",
			"name": "vmobile_jpg"
		},
		{
			"url": "assets/bg/hmobile.jpg",
			"type": "image",
			"name": "hmobile_jpg"
		}
	]
}