{
    "groups":[
        {
            "keys":"btn_wrong,bitmapFont,table_activity,table_bg,table_box_down,table_box_down_2,table_box_middle,table_box_up,table_cloud_top,table_cloud_bottom,btn_shrink_bg,btn_shrink,menu_bg,btn_mail,btn_mission,btn_activity,table_task,table_mail,task_bg,icon_diamond,icon_experience,icon_fertilization,icon_gold,icon_friend,icon_more,icon_shop,icon_warehouse,icon_factory,icon_name,icon_head,icon_line,icon_LV,icon_badge,table_shop,table_tittle,table_warehouse,icon_factory_tittle,tabBar_selected_down,text_fertilizer01,text_fertilizer02,text_seed01,text_seed02,tabBar_down,sto_table_tittle,card_bg,icon_fertilizer02,icon_fertilizer03,icon_fertilizer04,icon_fertilizer05,icon_02,bbs,text_fruit_01,text_fruit_02,text_fruit_juice_01,text_fruit_juice_02,icon_sale",
            "name":"preload_ui"
        }
    ],
    "resources":[
        {
            "name":"btn_wrong",
            "type":"image",
            "url":"assets/example/btn_wrong.png"
        },
        {
            "name":"table_activity",
            "type":"image",
            "url":"assets/example/table_activity.png"
        },
        {
            "name":"table_bg",
            "type":"image",
            "url":"assets/example/table_bg.png"
        },
        {
            "name":"table_box_down",
            "type":"image",
            "url":"assets/example/table_box_down.png"
        },
        {
            "name":"table_box_down_2",
            "type":"image",
            "url":"assets/example/table_box_down_.png"
        },
        {
            "name":"table_box_middle",
            "type":"image",
            "url":"assets/example/table_box_middle.png"
        },
        {
            "name":"table_box_up",
            "type":"image",
            "url":"assets/example/table_box_up.png"
        },
        {
            "name":"table_cloud_top",
            "type":"image",
            "url":"assets/example/table_cloud.png"
        },
        {
            "name":"table_cloud_bottom",
            "type":"image",
            "url":"assets/example/table_cloud1.png"
        },
        {
            "name":"btn_shrink_bg",
            "type":"image",
            "url":"assets/example/btn_shrink_bg.png"
        },
        {
            "name":"btn_shrink",
            "type":"image",
            "url":"assets/example/btn_shrink.png"
        },
        {
            "name":"menu_bg",
            "scale9grid":"23,29,29,24",
            "type":"image",
            "url":"assets/example/menu_bg.png"
        },
        {
            "name":"btn_mail",
            "type":"image",
            "url":"assets/example/btn_mail.png"
        },
        {
            "name":"btn_mission",
            "type":"image",
            "url":"assets/example/btn_mission.png"
        },
        {
            "name":"btn_activity",
            "type":"image",
            "url":"assets/example/btn_activity.png"
        },
        {
            "name":"table_task",
            "type":"image",
            "url":"assets/example/table_task.png"
        },
        {
            "name":"table_mail",
            "type":"image",
            "url":"assets/example/table_mail.png"
        },
        {
            "name":"task_bg",
            "type":"image",
            "url":"assets/example/task_bg.png"
        },
        {
            "name":"icon_diamond",
            "type":"image",
            "url":"assets/example/icon_diamond.png"
        },
        {
            "name":"icon_experience",
            "type":"image",
            "url":"assets/example/icon_experience.png"
        },
        {
            "name":"icon_fertilization",
            "type":"image",
            "url":"assets/example/icon_fertilization.png"
        },
        {
            "name":"icon_gold",
            "type":"image",
            "url":"assets/example/icon_gold.png"
        },
        {
            "name":"icon_friend",
            "type":"image",
            "url":"assets/example/icon_friend.png"
        },
        {
            "name":"icon_more",
            "type":"image",
            "url":"assets/example/icon_more.png"
        },
        {
            "name":"icon_shop",
            "type":"image",
            "url":"assets/example/icon_shop.png"
        },
        {
            "name":"icon_warehouse",
            "type":"image",
            "url":"assets/example/icon_warehouse.png"
        },
        {
            "name":"icon_factory",
            "type":"image",
            "url":"assets/example/icon_factory.png"
        },
        {
            "name":"icon_name",
            "type":"image",
            "url":"assets/example/icon_name.png"
        },
        {
            "name":"icon_head",
            "type":"image",
            "url":"assets/example/icon_head.png"
        },
        {
            "name":"icon_line",
            "type":"image",
            "url":"assets/example/icon_line.png"
        },
        {
            "name":"icon_LV",
            "type":"image",
            "url":"assets/example/icon_LV.png"
        },
        {
            "name":"icon_badge",
            "type":"image",
            "url":"assets/example/icon_badge.png"
        },
        {
            "name":"table_shop",
            "type":"image",
            "url":"assets/example/table_shop.png"
        },
        {
            "name":"table_tittle",
            "type":"image",
            "url":"assets/example/table_tittle.png"
        },
        {
            "name":"table_warehouse",
            "type":"image",
            "url":"assets/example/table_warehouse.png"
        },
        {
            "name":"icon_factory_tittle",
            "type":"image",
            "url":"assets/example/icon_factory_tittle.png"
        },
        {
            "name":"tabBar_selected_down",
            "type":"image",
            "url":"assets/example/tabBar_selected_down.png"
        },
        {
            "name":"text_fertilizer01",
            "type":"image",
            "url":"assets/example/text_fertilizer01.png"
        },
        {
            "name":"text_fertilizer02",
            "type":"image",
            "url":"assets/example/text_fertilizer02.png"
        },
        {
            "name":"text_seed01",
            "type":"image",
            "url":"assets/example/text_seed01.png"
        },
        {
            "name":"text_seed02",
            "type":"image",
            "url":"assets/example/text_seed02.png"
        },
        {
            "name":"tabBar_down",
            "type":"image",
            "url":"assets/example/tabBar_down.png"
        },
        {
            "name":"sto_table_tittle",
            "type":"image",
            "url":"assets/example/sto_table_tittle.png"
        },
        {
            "name":"card_bg",
            "type":"image",
            "url":"assets/example/card_bg.png"
        },
        {
            "name":"icon_fertilizer02",
            "type":"image",
            "url":"assets/example/icon_fertilizer02.png"
        },
        {
            "name":"icon_fertilizer03",
            "type":"image",
            "url":"assets/example/icon_fertilizer03.png"
        },
        {
            "name":"icon_fertilizer04",
            "type":"image",
            "url":"assets/example/icon_fertilizer04.png"
        },
        {
            "name":"icon_fertilizer05",
            "type":"image",
            "url":"assets/example/icon_fertilizer05.png"
        },
        {
            "name":"icon_02",
            "type":"image",
            "url":"assets/example/icon_02.png"
        },
        {
            "name":"bbs",
            "type":"image",
            "url":"assets/example/bbs.png"
        },
        {
            "name":"text_fruit_01",
            "type":"image",
            "url":"assets/example/text_fruit_01.png"
        },
        {
            "name":"text_fruit_02",
            "type":"image",
            "url":"assets/example/text_fruit_02.png"
        },
        {
            "name":"text_fruit_juice_01",
            "type":"image",
            "url":"assets/example/text_fruit_juice_01.png"
        },
        {
            "name":"text_fruit_juice_02",
            "type":"image",
            "url":"assets/example/text_fruit_juice_02.png"
        },
        {
            "name":"icon_sale",
            "type":"image",
            "url":"assets/example/icon_sale.png"
        },
        {
            "name":"bitmapFont",
            "type":"font",
            "url":"font/font.fnt"
        }
    ]
}