{"name":"zhujue1","SubTexture":[{"y":188,"name":"zhujue-sc/wandao1","x":1897,"width":60,"height":121},{"y":933,"name":"zhujue-sc/paobust55","x":339,"width":113,"height":108},{"y":384,"name":"zhujue-sc/renwugj22","x":228,"width":234,"height":178},{"y":1045,"name":"zhujue-sc/dao1","x":0,"width":120,"height":62},{"y":319,"name":"zhujue-sc/toufa001","x":1165,"width":68,"height":82},{"y":235,"name":"zhujue-sc/toufa002","x":1165,"width":68,"height":82},{"y":327,"name":"zhujue-sc/toufa003","x":1369,"width":65,"height":82},{"y":486,"name":"zhujue-sc/toufa004","x":1165,"width":63,"height":81},{"y":494,"name":"zhujue-sc/toufa005","x":1369,"width":63,"height":81},{"y":411,"name":"zhujue-sc/toufa006","x":1369,"width":63,"height":81},{"y":569,"name":"zhujue-sc/toufa007","x":1158,"width":62,"height":81},{"y":548,"name":"zhujue-sc/toufa008","x":666,"width":62,"height":81},{"y":608,"name":"zhujue-sc/toufa009","x":144,"width":62,"height":80},{"y":525,"name":"zhujue-sc/toufa0010","x":144,"width":63,"height":81},{"y":465,"name":"zhujue-sc/toufa0011","x":666,"width":63,"height":81},{"y":403,"name":"zhujue-sc/toufa0012","x":1165,"width":65,"height":81},{"y":314,"name":"zhujue-sc/zhujuezuojiao","x":205,"width":22,"height":93},{"y":217,"name":"zhujue-sc/2_11-1","x":234,"width":273,"height":165},{"y":585,"name":"zhujue-sc/2_11-2","x":1448,"width":165,"height":174},{"y":637,"name":"zhujue-sc/2_11-3","x":456,"width":140,"height":176},{"y":188,"name":"zhujue-sc/2_11-4","x":1453,"width":242,"height":196},{"y":367,"name":"zhujue-sc/2_11-5","x":738,"width":239,"height":195},{"y":266,"name":"zhujue-sc/2_11-6","x":509,"width":227,"height":197},{"y":761,"name":"zhujue-sc/2_11-7","x":1448,"width":127,"height":173},{"y":695,"name":"zhujue-sc/2_11-8","x":978,"width":126,"height":190},{"y":774,"name":"zhujue-sc/3_12-1","x":723,"width":143,"height":155},{"y":428,"name":"zhujue-sc/3_12-2","x":1696,"width":199,"height":178},{"y":465,"name":"zhujue-sc/3_12-3","x":463,"width":201,"height":170},{"y":697,"name":"zhujue-sc/3_12-4","x":598,"width":123,"height":185},{"y":0,"name":"zhujue-sc/3_12-5","x":234,"width":280,"height":215},{"y":0,"name":"zhujue-sc/3_12-6","x":746,"width":281,"height":179},{"y":0,"name":"zhujue-sc/3_12-7","x":1710,"width":254,"height":186},{"y":0,"name":"zhujue-sc/3_12-8","x":1453,"width":255,"height":186},{"y":181,"name":"zhujue-sc/3_12-9","x":746,"width":255,"height":184},{"y":314,"name":"zhujue-sc/4_13-1","x":0,"width":177,"height":209},{"y":760,"name":"zhujue-sc/4_13-2","x":1750,"width":123,"height":183},{"y":564,"name":"zhujue-sc/4_13-3","x":209,"width":148,"height":204},{"y":503,"name":"zhujue-sc/4_13-4","x":979,"width":177,"height":190},{"y":386,"name":"zhujue-sc/4_13-5","x":1452,"width":181,"height":197},{"y":0,"name":"zhujue-sc/4_13-6","x":1243,"width":208,"height":234},{"y":0,"name":"zhujue-sc/4_13-7","x":516,"width":228,"height":264},{"y":0,"name":"zhujue-sc/4_13-8","x":0,"width":232,"height":312},{"y":0,"name":"zhujue-sc/4_13-9","x":1029,"width":212,"height":233},{"y":188,"name":"zhujue-sc/4_13-10","x":1697,"width":198,"height":238},{"y":884,"name":"zhujue-sc/renwujineng002","x":588,"width":130,"height":161},{"y":815,"name":"zhujue-sc/renwujineng003","x":456,"width":130,"height":161},{"y":887,"name":"zhujue-sc/renwujineng004","x":974,"width":126,"height":152},{"y":931,"name":"zhujue-sc/renwujineng005","x":720,"width":126,"height":148},{"y":564,"name":"zhujue-sc/renwujineng006","x":359,"width":95,"height":212},{"y":564,"name":"zhujue-sc/renwujineng007","x":869,"width":107,"height":232},{"y":564,"name":"zhujue-sc/renwujineng008","x":730,"width":137,"height":208},{"y":525,"name":"zhujue-sc/renwujineng009","x":0,"width":142,"height":215},{"y":503,"name":"zhujue-sc/renwujineng0010","x":1230,"width":103,"height":248},{"y":257,"name":"zhujue-sc/renwujineng0011","x":1958,"width":86,"height":265},{"y":978,"name":"zhujue-sc/paost11","x":453,"width":109,"height":110},{"y":314,"name":"zhujue-sc/zhujueyoujiao","x":179,"width":25,"height":90},{"y":524,"name":"zhujue-sc/dagao","x":1957,"width":88,"height":194},{"y":872,"name":"zhujue-sc/paobu112","x":1106,"width":112,"height":111},{"y":327,"name":"zhujue-sc/zhujuejiao1","x":1436,"width":16,"height":25},{"y":753,"name":"zhujue-sc/renwu3344","x":1226,"width":92,"height":183},{"y":760,"name":"zhujue-sc/renwujineng001","x":1615,"width":134,"height":177},{"y":235,"name":"zhujue-sc/renwujineng0012","x":1025,"width":139,"height":266},{"y":236,"name":"zhujue-sc/renwujineng0013","x":1235,"width":132,"height":265},{"y":577,"name":"zhujue-sc/fukong001","x":1335,"width":111,"height":193},{"y":772,"name":"zhujue-sc/fukong002","x":1319,"width":126,"height":164},{"y":712,"name":"zhujue-sc/fukong003","x":1106,"width":118,"height":158},{"y":778,"name":"zhujue-sc/fukong004","x":341,"width":113,"height":153},{"y":938,"name":"zhujue-sc/daodi001","x":1219,"width":180,"height":115},{"y":950,"name":"zhujue-sc/daodi002","x":1862,"width":171,"height":123},{"y":936,"name":"zhujue-sc/daodi003","x":1447,"width":154,"height":135},{"y":903,"name":"zhujue-sc/daodi004","x":0,"width":146,"height":140},{"y":886,"name":"zhujue-sc/daodi005","x":153,"width":184,"height":114},{"y":770,"name":"zhujue-sc/daodi006","x":153,"width":186,"height":114},{"y":1055,"name":"zhujue-sc/daodi007","x":1212,"width":193,"height":83},{"y":1073,"name":"zhujue-sc/daodi008","x":1407,"width":199,"height":75},{"y":353,"name":"zhujue-sc/zuoshoupiaodong","x":1436,"width":16,"height":18},{"y":984,"name":"zhujue-sc/paobust33","x":1102,"width":109,"height":106},{"y":307,"name":"zhujue-sc/zhujuejiao2","x":1003,"width":16,"height":24},{"y":1051,"name":"zhujue-sc/dao2","x":1746,"width":103,"height":38},{"y":384,"name":"zhujue-sc/jiao444","x":463,"width":35,"height":73},{"y":332,"name":"zhujue-sc/youshoupiaod","x":1003,"width":14,"height":22},{"y":945,"name":"zhujue-sc/paobust44","x":1746,"width":115,"height":105},{"y":608,"name":"zhujue-sc/renwugj2","x":1695,"width":170,"height":150},{"y":695,"name":"zhujue-sc/tui333","x":1867,"width":89,"height":29},{"y":181,"name":"zhujue-sc/jiao11","x":1003,"width":21,"height":125},{"y":310,"name":"zhujue-sc/tui114","x":1897,"width":56,"height":89},{"y":921,"name":"zhujue-sc/shoujist1","x":868,"width":99,"height":122},{"y":742,"name":"zhujue-sc/shoujist2","x":0,"width":151,"height":159},{"y":807,"name":"zhujue-sc/shoujist3","x":1875,"width":158,"height":141},{"y":938,"name":"zhujue-sc/renwugjst2","x":1603,"width":142,"height":122},{"y":1002,"name":"zhujue-sc/renwugjst3","x":148,"width":150,"height":114},{"y":798,"name":"zhujue-sc/shento55","x":868,"width":105,"height":122},{"y":139,"name":"zhujue-sc/budongjiegou","x":1966,"width":77,"height":117},{"y":418,"name":"zhujue-sc/shou23","x":979,"width":33,"height":29},{"y":637,"name":"zhujue-sc/yundongjiegou001","x":598,"width":62,"height":59},{"y":652,"name":"zhujue-sc/yundongjiegou002","x":1158,"width":61,"height":59},{"y":631,"name":"zhujue-sc/yundongjiegou003","x":666,"width":62,"height":59},{"y":518,"name":"zhujue-sc/yundongjiegou004","x":1897,"width":59,"height":58},{"y":577,"name":"zhujue-sc/yundongjiegou005","x":1897,"width":58,"height":57},{"y":635,"name":"zhujue-sc/yundongjiegou006","x":1867,"width":62,"height":59},{"y":567,"name":"zhujue-sc/yundongjiegou007","x":1635,"width":59,"height":57},{"y":386,"name":"zhujue-sc/yundongjiegou008","x":1635,"width":60,"height":61},{"y":508,"name":"zhujue-sc/yundongjiegou009","x":1635,"width":59,"height":58},{"y":400,"name":"zhujue-sc/yundongjiegou010","x":1897,"width":60,"height":57},{"y":448,"name":"zhujue-sc/yundongjiegou011","x":1635,"width":59,"height":59},{"y":459,"name":"zhujue-sc/yundongjiegou012","x":1897,"width":59,"height":58},{"y":626,"name":"zhujue-sc/tui334","x":1615,"width":64,"height":62},{"y":1044,"name":"zhujue-sc/tui1333","x":848,"width":102,"height":54},{"y":719,"name":"zhujue-sc/paobuj113","x":1957,"width":90,"height":87},{"y":1047,"name":"zhujue-sc/paobujiao114","x":563,"width":122,"height":53},{"y":1042,"name":"zhujue-sc/paobujiao115","x":299,"width":150,"height":49},{"y":1075,"name":"zhujue-sc/paobujiao116","x":1851,"width":162,"height":57},{"y":1041,"name":"zhujue-sc/paobut66","x":968,"width":121,"height":91},{"y":236,"name":"zhujue-sc/paobutui77","x":1369,"width":80,"height":90},{"y":0,"name":"zhujue-sc/paobut88","x":1966,"width":67,"height":138},{"y":1081,"name":"zhujue-sc/paobut99","x":686,"width":158,"height":61},{"y":689,"name":"zhujue-sc/shou444","x":1615,"width":63,"height":29},{"y":407,"name":"zhujue-sc/piaodai001","x":1436,"width":14,"height":16},{"y":390,"name":"zhujue-sc/piaodai002","x":1436,"width":14,"height":16},{"y":371,"name":"zhujue-sc/piaodai003","x":997,"width":16,"height":16},{"y":385,"name":"zhujue-sc/piaodai004","x":979,"width":16,"height":15},{"y":355,"name":"zhujue-sc/piaodai005","x":1003,"width":18,"height":15},{"y":403,"name":"zhujue-sc/piaodai006","x":996,"width":18,"height":13},{"y":408,"name":"zhujue-sc/piaodai007","x":197,"width":18,"height":12},{"y":388,"name":"zhujue-sc/piaodai008","x":997,"width":18,"height":14},{"y":405,"name":"zhujue-sc/piaodai009","x":179,"width":17,"height":13},{"y":401,"name":"zhujue-sc/piaodai010","x":979,"width":16,"height":16},{"y":367,"name":"zhujue-sc/piaodai011","x":979,"width":17,"height":17},{"y":372,"name":"zhujue-sc/piaodai012","x":1436,"width":15,"height":17}],"imagePath":"zhujue1_texture.png"}