{"frameRate":24,"version":2.3,"name":"guaiwu001","armature":[{"bone":[{"name":101,"transform":{"scY":0.999985,"x":-99.55,"y":-71.15,"skY":-44.94,"skX":-44.94,"scX":0.999985}},{"name":109,"transform":{"scY":1,"x":66.55,"y":-144.5,"skY":2.72,"skX":2.72,"scX":1}},{"name":110,"transform":{"scY":1,"x":32.6,"y":-8.05,"skY":0,"skX":0,"scX":1}},{"name":111,"transform":{"scY":1,"x":10.2,"y":-73.45,"skY":0,"skX":0,"scX":1}},{"name":112,"transform":{"scY":1.000015,"x":-46.65,"y":-142.05,"skY":-54.06,"skX":-54.06,"scX":1}},{"name":113,"transform":{"scY":1.000031,"x":-14.1,"y":-134.6,"skY":-3.94,"skX":-3.94,"scX":1.000031}},{"name":114,"transform":{"scY":1,"x":-17.3,"y":14.05,"skY":0,"skX":0,"scX":1}},{"name":115,"transform":{"scY":1.000015,"x":-63.5,"y":-101,"skY":-23.78,"skX":-23.78,"scX":1.000015}},{"name":116,"transform":{"scY":1,"x":31.55,"y":-161.55,"skY":0,"skX":0,"scX":1}},{"name":117,"transform":{"scY":1,"x":97,"y":-88.5,"skY":-1.76,"skX":-1.76,"scX":1}}],"skin":[{"slot":[{"display":[{"name":"guaiwu-sc/weoba101","type":"image","transform":{"scY":1,"x":-0.05,"pY":51.35,"y":0,"skY":0,"skX":0,"scX":1,"pX":29.7}},{"name":"guaiwu-sc/weiba102","type":"image","transform":{"scY":1,"x":0.1,"pY":46.65,"y":0.05,"skY":0,"skX":0,"scX":1,"pX":33.1}},{"name":"guaiwu-sc/weiba103","type":"image","transform":{"scY":1,"x":0.05,"pY":53.15,"y":0.05,"skY":0,"skX":0,"scX":1,"pX":28.55}},{"name":"guaiwu-sc/weiba104","type":"image","transform":{"scY":1,"x":0.05,"pY":54.35,"y":0.05,"skY":0,"skX":0,"scX":1,"pX":29.5}},{"name":"guaiwu-sc/weiba105","type":"image","transform":{"scY":1,"x":0.05,"pY":50.55,"y":0.05,"skY":0,"skX":0,"scX":1,"pX":26.55}},{"name":"guaiwu-sc/weiba106","type":"image","transform":{"scY":1,"x":0,"pY":58,"y":0.05,"skY":0,"skX":0,"scX":1,"pX":25}},{"name":"guaiwu-sc/weib a107","type":"image","transform":{"scY":1,"x":0,"pY":61.75,"y":0.1,"skY":0,"skX":0,"scX":1,"pX":23.65}},{"name":"guaiwu-sc/weiba108","type":"image","transform":{"scY":1,"x":0,"pY":54.75,"y":0.05,"skY":0,"skX":0,"scX":1,"pX":27.3}},{"name":"guaiwu-sc/zuoshou","type":"image","transform":{"scY":1,"x":14.4,"pY":83.3,"y":20.55,"skY":0,"skX":0,"scX":1,"pX":39.75}},{"name":"guaiwu-sc/shenti331","type":"image","transform":{"scY":1,"x":0.05,"pY":78.65,"y":0,"skY":0,"skX":0,"scX":1,"pX":83.8}},{"name":"guaiwu-sc/shenti333","type":"image","transform":{"scY":1,"x":0.05,"pY":70.8,"y":0.05,"skY":0,"skX":0,"scX":1,"pX":74.8}},{"name":"guaiwu-sc/youshoubi11","type":"image","transform":{"scY":1,"x":-17.5,"pY":111.45,"y":20.4,"skY":0,"skX":0,"scX":1,"pX":38.8}},{"name":"guaiwu-sc/weiba555","type":"image","transform":{"scY":1,"x":0,"pY":54.45,"y":0,"skY":0,"skX":0,"scX":1,"pX":36.75}},{"name":"guaiwu-sc/weiba44","type":"image","transform":{"scY":1,"x":0.05,"pY":37.9,"y":0.05,"skY":0,"skX":0,"scX":1,"pX":62.2}}],"parent":101,"z":0,"name":101},{"display":[{"name":"guaiwu-sc/zuoyou1","type":"image","transform":{"scY":1,"x":3,"pY":43.6,"y":30.8,"skY":0,"skX":0,"scX":1,"pX":20.3}},{"name":"guaiwu-sc/weoba101","type":"image","transform":{"scY":1,"x":-0.05,"pY":51.35,"y":0.05,"skY":0,"skX":0,"scX":1,"pX":29.7}},{"name":"guaiwu-sc/weiba102","type":"image","transform":{"scY":1,"x":0.05,"pY":46.65,"y":0.05,"skY":0,"skX":0,"scX":1,"pX":33.1}},{"name":"guaiwu-sc/weiba103","type":"image","transform":{"scY":1,"x":0,"pY":53.15,"y":0.05,"skY":0,"skX":0,"scX":1,"pX":28.55}},{"name":"guaiwu-sc/weiba104","type":"image","transform":{"scY":1,"x":0.05,"pY":54.35,"y":0.05,"skY":0,"skX":0,"scX":1,"pX":29.5}},{"name":"guaiwu-sc/weiba105","type":"image","transform":{"scY":1,"x":0.05,"pY":50.55,"y":0.1,"skY":0,"skX":0,"scX":1,"pX":26.55}},{"name":"guaiwu-sc/weiba106","type":"image","transform":{"scY":1,"x":0,"pY":58,"y":0.05,"skY":0,"skX":0,"scX":1,"pX":25}},{"name":"guaiwu-sc/weib a107","type":"image","transform":{"scY":1,"x":0,"pY":61.75,"y":0.05,"skY":0,"skX":0,"scX":1,"pX":23.65}},{"name":"guaiwu-sc/weiba108","type":"image","transform":{"scY":1,"x":0,"pY":54.75,"y":0.05,"skY":0,"skX":0,"scX":1,"pX":27.3}},{"name":"guaiwu-sc/beijijiao1","type":"image","transform":{"scY":1,"x":-0.05,"pY":51.55,"y":-35.15,"skY":0,"skX":0,"scX":1,"pX":92.1}},{"name":"guaiwu-sc/zuoshou","type":"image","transform":{"scY":1,"x":14.55,"pY":83.3,"y":20.55,"skY":0,"skX":0,"scX":1,"pX":39.75}},{"name":"guaiwu-sc/jifeiguaiwujiao","type":"image","transform":{"scY":1,"x":0,"pY":53.5,"y":0.05,"skY":0,"skX":0,"scX":1,"pX":45.4}},{"name":"guaiwu-sc/daodijiao","type":"image","transform":{"scY":1,"x":0.05,"pY":51.55,"y":0.1,"skY":0,"skX":0,"scX":1,"pX":45.15}}],"parent":109,"z":1,"name":109},{"display":[{"name":"guaiwu-sc/jiao1","type":"image","transform":{"scY":1,"x":0,"pY":7.85,"y":0,"skY":0,"skX":0,"scX":1,"pX":26.6}},{"name":"guaiwu-sc/xingzou002","type":"image","transform":{"scY":1,"x":0,"pY":102.2,"y":0.05,"skY":0,"skX":0,"scX":1,"pX":85.4}},{"name":"guaiwu-sc/xingou003","type":"image","transform":{"scY":1,"x":0.1,"pY":62.25,"y":0.05,"skY":0,"skX":0,"scX":1,"pX":46.7}},{"name":"guaiwu-sc/xingzou005","type":"image","transform":{"scY":1,"x":0.05,"pY":57.25,"y":0,"skY":0,"skX":0,"scX":1,"pX":37.25}},{"name":"guaiwu-sc/xingzou007","type":"image","transform":{"scY":1,"x":0,"pY":57.4,"y":0.05,"skY":0,"skX":0,"scX":1,"pX":64.25}},{"name":"guaiwu-sc/xingzou00811","type":"image","transform":{"scY":1,"x":0,"pY":45.65,"y":0.05,"skY":0,"skX":0,"scX":1,"pX":40.1}},{"name":"guaiwu-sc/xingzou11","type":"image","transform":{"scY":1,"x":0,"pY":65.25,"y":0,"skY":0,"skX":0,"scX":1,"pX":62.85}},{"name":"guaiwu-sc/xingzou13","type":"image","transform":{"scY":1,"x":0,"pY":74.15,"y":0,"skY":0,"skX":0,"scX":1,"pX":41.05}},{"name":"guaiwu-sc/xiungzou15","type":"image","transform":{"scY":1,"x":0,"pY":56.1,"y":0.05,"skY":0,"skX":0,"scX":1,"pX":30}},{"name":"guaiwu-sc/weiba555","type":"image","transform":{"scY":1,"x":0,"pY":54.45,"y":0.05,"skY":0,"skX":0,"scX":1,"pX":36.75}},{"name":"guaiwu-sc/qzweiba1","type":"image","transform":{"scY":1,"x":0.05,"pY":37,"y":0,"skY":0,"skX":0,"scX":1,"pX":45.05}},{"name":"guaiwu-sc/weiba44","type":"image","transform":{"scY":1,"x":0.05,"pY":37.9,"y":0.05,"skY":0,"skX":0,"scX":1,"pX":62.2}},{"name":"guaiwu-sc/gongji7","type":"image","transform":{"scY":1,"x":0,"pY":111.05,"y":0.05,"skY":0,"skX":0,"scX":1,"pX":137.65}},{"name":"guaiwu-sc/gongji8","type":"image","transform":{"scY":1,"x":0,"pY":107.05,"y":0,"skY":0,"skX":0,"scX":1,"pX":134.55}},{"name":"guaiwu-sc/gongji6","type":"image","transform":{"scY":1,"x":0,"pY":112.05,"y":0,"skY":0,"skX":0,"scX":1,"pX":134.9}},{"name":"guaiwu-sc/gongji9","type":"image","transform":{"scY":1,"x":0,"pY":80,"y":0,"skY":0,"skX":0,"scX":1,"pX":111.5}},{"name":"guaiwu-sc/gongji11","type":"image","transform":{"scY":1,"x":0.05,"pY":110.3,"y":0.05,"skY":0,"skX":0,"scX":1,"pX":144.55}},{"name":"guaiwu-sc/gongji12","type":"image","transform":{"scY":1,"x":0,"pY":108.25,"y":0,"skY":0,"skX":0,"scX":1,"pX":168.6}},{"name":"guaiwu-sc/gongji13","type":"image","transform":{"scY":1,"x":0,"pY":114,"y":0.05,"skY":0,"skX":0,"scX":1,"pX":127.5}},{"name":"guaiwu-sc/gongji14","type":"image","transform":{"scY":1,"x":0.05,"pY":126.5,"y":0,"skY":0,"skX":0,"scX":1,"pX":124.45}},{"name":"guaiwu-sc/jifeiguaiwu","type":"image","transform":{"scY":1,"x":-0.05,"pY":83.65,"y":0.05,"skY":0,"skX":0,"scX":1,"pX":128.5}},{"name":"guaiwu-sc/daodishenti1","type":"image","transform":{"scY":1,"x":-0.05,"pY":89.55,"y":0.05,"skY":0,"skX":0,"scX":1,"pX":101.55}},{"name":"guaiwu-sc/daodishenti2","type":"image","transform":{"scY":1,"x":0.05,"pY":81.35,"y":0.05,"skY":0,"skX":0,"scX":1,"pX":101.35}},{"name":"guaiwu-sc/daodi44","type":"image","transform":{"scY":1,"x":0,"pY":77,"y":0,"skY":0,"skX":0,"scX":1,"pX":179.5}},{"name":"guaiwu-sc/daodi55","type":"image","transform":{"scY":1,"x":0,"pY":81.5,"y":0,"skY":0,"skX":0,"scX":1,"pX":178}}],"parent":110,"z":2,"name":110},{"display":[{"name":"guaiwu-sc/shenti1","type":"image","transform":{"scY":1,"x":0,"pY":63.5,"y":0,"skY":0,"skX":0,"scX":1,"pX":63}},{"name":"guaiwu-sc/xingzou001","type":"image","transform":{"scY":1,"x":0.05,"pY":54.8,"y":0.05,"skY":0,"skX":0,"scX":1,"pX":24.5}},{"name":"guaiwu-sc/xingzou003","type":"image","transform":{"scY":1,"x":0,"pY":83.55,"y":0.05,"skY":0,"skX":0,"scX":1,"pX":60.2}},{"name":"guaiwu-sc/xingzou006","type":"image","transform":{"scY":1,"x":0,"pY":80.15,"y":0,"skY":0,"skX":0,"scX":1,"pX":53.05}},{"name":"guaiwu-sc/xingzou008","type":"image","transform":{"scY":1,"x":0,"pY":77.95,"y":0,"skY":0,"skX":0,"scX":1,"pX":57.25}},{"name":"guaiwu-sc/xingzou009","type":"image","transform":{"scY":1,"x":0,"pY":25.35,"y":0,"skY":0,"skX":0,"scX":1,"pX":12.4}},{"name":"guaiwu-sc/xingzou12","type":"image","transform":{"scY":1,"x":0,"pY":75.75,"y":0,"skY":0,"skX":0,"scX":1,"pX":42.3}},{"name":"guaiwu-sc/xingzou14","type":"image","transform":{"scY":1,"x":0,"pY":65.5,"y":0.05,"skY":0,"skX":0,"scX":1,"pX":34.25}},{"name":"guaiwu-sc/xingzou16","type":"image","transform":{"scY":1,"x":0,"pY":89.25,"y":0,"skY":0,"skX":0,"scX":1,"pX":55.9}},{"name":"guaiwu-sc/youshoubi11","type":"image","transform":{"scY":1,"x":-17.45,"pY":111.45,"y":20.3,"skY":0,"skX":0,"scX":1,"pX":38.8}},{"name":"guaiwu-sc/beimao","type":"image","transform":{"scY":1,"x":0,"pY":14.15,"y":0,"skY":0,"skX":0,"scX":1,"pX":24.05}},{"name":"guaiwu-sc/qiangzhuangjiao1","type":"image","transform":{"scY":1,"x":0,"pY":49.65,"y":-48,"skY":0,"skX":0,"scX":1,"pX":30.75}},{"name":"guaiwu-sc/gongji10","type":"image","transform":{"scY":1,"x":0,"pY":-12.2,"y":0,"skY":0,"skX":0,"scX":1,"pX":153}},{"name":"guaiwu-sc/liguang001","type":"image","transform":{"scY":1,"x":0.05,"pY":77.6,"y":0,"skY":0,"skX":0,"scX":1,"pX":65.3}},{"name":"guaiwu-sc/liguang002","type":"image","transform":{"scY":1,"x":0,"pY":85.45,"y":0,"skY":0,"skX":0,"scX":1,"pX":75.05}},{"name":"guaiwu-sc/liguang003","type":"image","transform":{"scY":1,"x":0,"pY":64.5,"y":0.05,"skY":0,"skX":0,"scX":1,"pX":61.55}},{"name":"guaiwu-sc/guangquan003","type":"image","transform":{"scY":1,"x":0,"pY":32.5,"y":0,"skY":0,"skX":0,"scX":1,"pX":94.5}},{"name":"guaiwu-sc/guangquan004","type":"image","transform":{"scY":1,"x":0,"pY":32.25,"y":0,"skY":0,"skX":0,"scX":1,"pX":96.5}},{"name":"guaiwu-sc/zuoshou","type":"image","transform":{"scY":1,"x":14.5,"pY":83.3,"y":20.55,"skY":0,"skX":0,"scX":1,"pX":39.75}}],"parent":111,"z":3,"name":111},{"display":[{"name":"guaiwu-sc/beimao","type":"image","transform":{"scY":1,"x":0,"pY":14.15,"y":0,"skY":0,"skX":0,"scX":1,"pX":24.05}},{"name":"guaiwu-sc/xingzou010","type":"image","transform":{"scY":1,"x":0,"pY":67.5,"y":0,"skY":0,"skX":0,"scX":1,"pX":91.6}},{"name":"guaiwu-sc/zuoshou","type":"image","transform":{"scY":1,"x":14.45,"pY":83.3,"y":20.5,"skY":0,"skX":0,"scX":1,"pX":39.75}},{"name":"guaiwu-sc/shoubi333","type":"image","transform":{"scY":1,"x":-21.05,"pY":34,"y":15.05,"skY":0,"skX":0,"scX":1,"pX":37.8}},{"name":"guaiwu-sc/shent33","type":"image","transform":{"scY":1,"x":0,"pY":147.05,"y":0.05,"skY":0,"skX":0,"scX":1,"pX":102.55}},{"name":"guaiwu-sc/gongji55","type":"image","transform":{"scY":1,"x":0.05,"pY":131.5,"y":0,"skY":0,"skX":0,"scX":1,"pX":130.55}},{"name":"guaiwu-sc/gongji6","type":"image","transform":{"scY":1,"x":0,"pY":112.05,"y":0,"skY":0,"skX":0,"scX":1,"pX":134.9}},{"name":"guaiwu-sc/guangquan001","type":"image","transform":{"scY":1,"x":0,"pY":47,"y":0,"skY":0,"skX":0,"scX":1,"pX":136}},{"name":"guaiwu-sc/guangquan002","type":"image","transform":{"scY":1,"x":0,"pY":35,"y":0,"skY":0,"skX":0,"scX":1,"pX":101.5}},{"name":"guaiwu-sc/baozha103","type":"image","transform":{"scY":1,"x":0,"pY":98.75,"y":0,"skY":0,"skX":0,"scX":1,"pX":95}},{"name":"guaiwu-sc/baozha104","type":"image","transform":{"scY":1,"x":0,"pY":103,"y":0,"skY":0,"skX":0,"scX":1,"pX":96.25}},{"name":"guaiwu-sc/youshoubi11","type":"image","transform":{"scY":1,"x":-17.55,"pY":111.45,"y":20.2,"skY":0,"skX":0,"scX":1,"pX":38.8}}],"parent":112,"z":4,"name":112},{"display":[{"name":"guaiwu-sc/shoubi333","type":"image","transform":{"scY":1,"x":-21.05,"pY":34,"y":15.05,"skY":0,"skX":0,"scX":1,"pX":37.8}},{"name":"guaiwu-sc/toubugongji","type":"image","transform":{"scY":1,"x":0,"pY":59.15,"y":0,"skY":0,"skX":0,"scX":1,"pX":73.25}},{"name":"guaiwu-sc/qiangzhuangjiao2","type":"image","transform":{"scY":1,"x":0,"pY":53.65,"y":0,"skY":0,"skX":0,"scX":1,"pX":28.95}},{"name":"guaiwu-sc/liguang001","type":"image","transform":{"scY":1,"x":0.05,"pY":77.6,"y":0,"skY":0,"skX":0,"scX":1,"pX":65.3}},{"name":"guaiwu-sc/liguang002","type":"image","transform":{"scY":1,"x":0,"pY":85.45,"y":0,"skY":0,"skX":0,"scX":1,"pX":75.05}},{"name":"guaiwu-sc/liguang003","type":"image","transform":{"scY":1,"x":0,"pY":64.5,"y":0.05,"skY":0,"skX":0,"scX":1,"pX":61.55}},{"name":"guaiwu-sc/baozha101","type":"image","transform":{"scY":1,"x":0,"pY":83,"y":0,"skY":0,"skX":0,"scX":1,"pX":74.75}},{"name":"guaiwu-sc/baozha102","type":"image","transform":{"scY":1,"x":0,"pY":99.25,"y":0,"skY":0,"skX":0,"scX":1,"pX":99.5}}],"parent":113,"z":5,"name":113},{"display":[{"name":"guaiwu-sc/jiao2","type":"image","transform":{"scY":1,"x":5.05,"pY":4.65,"y":-0.85,"skY":0,"skX":0,"scX":1,"pX":10.8}},{"name":"guaiwu-sc/youshoubi11","type":"image","transform":{"scY":1,"x":-17.55,"pY":111.45,"y":20.35,"skY":0,"skX":0,"scX":1,"pX":38.8}},{"name":"guaiwu-sc/quantou11","type":"image","transform":{"scY":1,"x":10.5,"pY":69.55,"y":-35.45,"skY":0,"skX":0,"scX":1,"pX":35.5}},{"name":"guaiwu-sc/guangquan001","type":"image","transform":{"scY":1,"x":0,"pY":47,"y":0,"skY":0,"skX":0,"scX":1,"pX":136}},{"name":"guaiwu-sc/guangquan002","type":"image","transform":{"scY":1,"x":0,"pY":35,"y":0,"skY":0,"skX":0,"scX":1,"pX":101.5}},{"name":"guaiwu-sc/guangquan003","type":"image","transform":{"scY":1,"x":0,"pY":32.5,"y":0,"skY":0,"skX":0,"scX":1,"pX":94.5}},{"name":"guaiwu-sc/guangquan004","type":"image","transform":{"scY":1,"x":0,"pY":32.25,"y":0,"skY":0,"skX":0,"scX":1,"pX":96.5}}],"parent":114,"z":6,"name":114},{"display":[{"name":"guaiwu-sc/youshoubi11","type":"image","transform":{"scY":1,"x":-17.5,"pY":111.45,"y":20.4,"skY":0,"skX":0,"scX":1,"pX":38.8}},{"name":"guaiwu-sc/quantou22","type":"image","transform":{"scY":1,"x":-0.05,"pY":93.55,"y":0.05,"skY":0,"skX":0,"scX":1,"pX":42.55}},{"name":"guaiwu-sc/baozha101","type":"image","transform":{"scY":1,"x":0,"pY":83,"y":0,"skY":0,"skX":0,"scX":1,"pX":74.75}},{"name":"guaiwu-sc/baozha102","type":"image","transform":{"scY":1,"x":0,"pY":99.25,"y":0,"skY":0,"skX":0,"scX":1,"pX":99.5}},{"name":"guaiwu-sc/baozha103","type":"image","transform":{"scY":1,"x":0,"pY":98.75,"y":0,"skY":0,"skX":0,"scX":1,"pX":95}},{"name":"guaiwu-sc/baozha104","type":"image","transform":{"scY":1,"x":0,"pY":103,"y":0,"skY":0,"skX":0,"scX":1,"pX":96.25}}],"parent":115,"z":7,"name":115},{"display":[{"name":"guaiwu-sc/toubu","type":"image","transform":{"scY":1,"x":0,"pY":59.9,"y":0,"skY":0,"skX":0,"scX":1,"pX":72.35}},{"name":"guaiwu-sc/bazhao001","type":"image","transform":{"scY":1,"x":0,"pY":52.25,"y":0,"skY":0,"skX":0,"scX":1,"pX":49.25}},{"name":"guaiwu-sc/bazhao002","type":"image","transform":{"scY":1,"x":0,"pY":68.5,"y":0,"skY":0,"skX":0,"scX":1,"pX":62.25}},{"name":"guaiwu-sc/bazhao003","type":"image","transform":{"scY":1,"x":0,"pY":72.5,"y":0,"skY":0,"skX":0,"scX":1,"pX":69.5}},{"name":"guaiwu-sc/bazhao004","type":"image","transform":{"scY":1,"x":0,"pY":74.25,"y":0,"skY":0,"skX":0,"scX":1,"pX":76.5}},{"name":"guaiwu-sc/bazhao005","type":"image","transform":{"scY":1,"x":0,"pY":78.25,"y":0,"skY":0,"skX":0,"scX":1,"pX":68.75}},{"name":"guaiwu-sc/bazhao006","type":"image","transform":{"scY":1,"x":0,"pY":58.5,"y":0,"skY":0,"skX":0,"scX":1,"pX":63.5}},{"name":"guaiwu-sc/bazhao007","type":"image","transform":{"scY":1,"x":0,"pY":55,"y":0,"skY":0,"skX":0,"scX":1,"pX":46.25}}],"parent":116,"z":8,"name":116},{"display":[{"name":"guaiwu-sc/zuoshou","type":"image","transform":{"scY":1,"x":14.5,"pY":83.3,"y":20.55,"skY":0,"skX":0,"scX":1,"pX":39.75}}],"parent":117,"z":9,"name":117}],"name":"default"}],"name":"guaiwu001","animation":[{"scale":1,"tweenEasing":null,"duration":24,"name":"daiji","fadeInTime":0,"timeline":[{"scale":1,"offset":0,"name":101,"frame":[{"z":0,"duration":3,"transform":{"scY":0.999985,"x":-99.55,"pY":0,"y":-71.15,"skY":-44.94,"skX":-44.94,"scX":0.999985,"pX":0}},{"z":0,"displayIndex":1,"duration":3,"transform":{"scY":1,"x":-87.25,"pY":0,"y":-81.9,"skY":-15,"skX":-15,"scX":1,"pX":0}},{"z":0,"displayIndex":2,"duration":3,"transform":{"scY":1.000015,"x":-100.15,"pY":0,"y":-66.35,"skY":-60.91,"skX":-60.91,"scX":1.000015,"pX":0}},{"z":0,"displayIndex":3,"duration":3,"transform":{"scY":1,"x":-109.2,"pY":0,"y":-63.7,"skY":-60.47,"skX":-60.47,"scX":1,"pX":0}},{"z":0,"displayIndex":4,"duration":3,"transform":{"scY":1.000015,"x":-111.4,"pY":0,"y":-52.75,"skY":-73.7,"skX":-73.7,"scX":1.000015,"pX":0}},{"z":0,"displayIndex":5,"duration":3,"transform":{"scY":1.000015,"x":-107.55,"pY":0,"y":-57.65,"skY":-96.74,"skX":-96.74,"scX":1.000015,"pX":0}},{"z":0,"displayIndex":6,"duration":3,"transform":{"scY":1,"x":-101.45,"pY":0,"y":-65.35,"skY":-74.21,"skX":-74.21,"scX":1,"pX":0}},{"z":0,"displayIndex":7,"duration":3,"transform":{"scY":0.999985,"x":-99.8,"pY":0,"y":-68.35,"skY":-61.24,"skX":-61.24,"scX":0.999985,"pX":0}}]},{"scale":1,"offset":0,"name":109,"frame":[{"z":1,"duration":3,"transform":{"scY":1,"x":66.55,"pY":0,"y":-144.5,"skY":2.72,"skX":2.72,"scX":1,"pX":0}},{"z":1,"duration":3,"transform":{"scY":0.999893,"x":66.75,"pY":0,"y":-144.35,"skY":2.01,"skX":2.01,"scX":0.999893,"pX":0}},{"z":1,"duration":3,"transform":{"scY":0.999878,"x":66.85,"pY":-0.05,"y":-144.2,"skY":1.27,"skX":1.27,"scX":0.999878,"pX":0.05}},{"z":1,"duration":3,"transform":{"scY":0.999924,"x":66.95,"pY":-0.1,"y":-144.05,"skY":0.53,"skX":0.53,"scX":0.999924,"pX":0.05}},{"z":1,"duration":3,"transform":{"scY":1,"x":67.05,"pY":-0.05,"y":-144,"skY":0,"skX":0,"scX":1,"pX":0}},{"z":1,"duration":3,"transform":{"scY":0.999954,"x":66.95,"pY":-0.05,"y":-144.1,"skY":0.53,"skX":0.53,"scX":0.999954,"pX":0}},{"z":1,"duration":3,"transform":{"scY":0.999878,"x":66.8,"pY":0,"y":-144.3,"skY":1.05,"skX":1.05,"scX":0.999878,"pX":-0.05}},{"z":1,"duration":3,"transform":{"scY":0.999771,"x":66.7,"pY":0,"y":-144.45,"skY":1.77,"skX":1.77,"scX":0.999771,"pX":-0.05}}]},{"scale":1,"offset":0,"name":110,"frame":[{"z":2,"duration":3,"transform":{"scY":1,"x":32.6,"pY":0,"y":-8.05,"skY":0,"skX":0,"scX":1,"pX":0}},{"z":2,"duration":3,"transform":{"scY":1,"x":32.6,"pY":0,"y":-8.05,"skY":0,"skX":0,"scX":1,"pX":0}},{"z":2,"duration":3,"transform":{"scY":1,"x":32.6,"pY":0,"y":-8.05,"skY":0,"skX":0,"scX":1,"pX":0}},{"z":2,"duration":3,"transform":{"scY":1,"x":32.6,"pY":0,"y":-8.05,"skY":0,"skX":0,"scX":1,"pX":0}},{"z":2,"duration":3,"transform":{"scY":1,"x":32.6,"pY":0,"y":-8.05,"skY":0,"skX":0,"scX":1,"pX":0}},{"z":2,"duration":3,"transform":{"scY":1,"x":32.6,"pY":0,"y":-8.05,"skY":0,"skX":0,"scX":1,"pX":0}},{"z":2,"duration":3,"transform":{"scY":1,"x":32.6,"pY":0,"y":-8.05,"skY":0,"skX":0,"scX":1,"pX":0}},{"z":2,"duration":3,"transform":{"scY":1,"x":32.6,"pY":0,"y":-8.05,"skY":0,"skX":0,"scX":1,"pX":0}}]},{"scale":1,"offset":0,"name":111,"frame":[{"z":3,"duration":3,"transform":{"scY":1,"x":10.2,"pY":0,"y":-73.45,"skY":0,"skX":0,"scX":1,"pX":0}},{"z":3,"duration":3,"transform":{"scY":1,"x":10.2,"pY":0,"y":-72.95,"skY":0,"skX":0,"scX":1,"pX":0}},{"z":3,"duration":3,"transform":{"scY":1,"x":10.2,"pY":0,"y":-72.45,"skY":0,"skX":0,"scX":1,"pX":0}},{"z":3,"duration":3,"transform":{"scY":1,"x":10.2,"pY":0,"y":-71.95,"skY":0,"skX":0,"scX":1,"pX":0}},{"z":3,"duration":3,"transform":{"scY":1,"x":10.2,"pY":0,"y":-71.45,"skY":0,"skX":0,"scX":1,"pX":0}},{"z":3,"duration":3,"transform":{"scY":1,"x":10.2,"pY":0,"y":-71.95,"skY":0,"skX":0,"scX":1,"pX":0}},{"z":3,"duration":3,"transform":{"scY":1,"x":10.2,"pY":0,"y":-72.45,"skY":0,"skX":0,"scX":1,"pX":0}},{"z":3,"duration":3,"transform":{"scY":1,"x":10.2,"pY":0,"y":-72.95,"skY":0,"skX":0,"scX":1,"pX":0}}]},{"scale":1,"offset":0,"name":112,"frame":[{"z":4,"duration":3,"transform":{"scY":1.000015,"x":-46.65,"pY":0,"y":-142.05,"skY":-54.06,"skX":-54.06,"scX":1,"pX":0}},{"z":4,"duration":3,"transform":{"scY":0.998444,"x":-46.95,"pY":0,"y":-142.45,"skY":-53.9,"skX":-53.9,"scX":0.998444,"pX":0}},{"z":4,"duration":3,"transform":{"scY":0.997406,"x":-47.3,"pY":0,"y":-142.75,"skY":-53.67,"skX":-53.67,"scX":0.997406,"pX":0}},{"z":4,"duration":3,"transform":{"scY":0.997131,"x":-47.6,"pY":0,"y":-142.95,"skY":-53.43,"skX":-53.43,"scX":0.997131,"pX":0}},{"z":4,"duration":3,"transform":{"scY":1,"x":-47.9,"pY":0,"y":-143.3,"skY":-53.27,"skX":-53.27,"scX":0.999985,"pX":0}},{"z":4,"duration":3,"transform":{"scY":0.998016,"x":-47.55,"pY":0,"y":-143,"skY":-53.42,"skX":-53.42,"scX":0.998016,"pX":0}},{"z":4,"duration":3,"transform":{"scY":0.996613,"x":-47.25,"pY":0,"y":-142.7,"skY":-53.65,"skX":-53.65,"scX":0.996613,"pX":0}},{"z":4,"duration":3,"transform":{"scY":0.99617,"x":-46.95,"pY":0,"y":-142.35,"skY":-53.89,"skX":-53.89,"scX":0.99617,"pX":0}}]},{"scale":1,"offset":0,"name":113,"frame":[{"z":5,"duration":3,"transform":{"scY":1.000031,"x":-14.1,"pY":0,"y":-134.6,"skY":-3.94,"skX":-3.94,"scX":1.000031,"pX":0}},{"z":5,"duration":3,"transform":{"scY":0.999863,"x":-14.15,"pY":-0.05,"y":-134.5,"skY":-2.8,"skX":-2.8,"scX":0.999863,"pX":0.1}},{"z":5,"duration":3,"transform":{"scY":0.999771,"x":-14.1,"pY":0,"y":-134.35,"skY":-1.78,"skX":-1.78,"scX":0.999771,"pX":0.05}},{"z":5,"duration":3,"transform":{"scY":0.999832,"x":-14.05,"pY":0,"y":-134.2,"skY":-0.79,"skX":-0.79,"scX":0.999832,"pX":0}},{"z":5,"duration":3,"transform":{"scY":1,"x":-14.1,"pY":-0.05,"y":-134.1,"skY":0,"skX":0,"scX":1,"pX":0.05}},{"z":5,"duration":3,"transform":{"scY":0.999908,"x":-14.1,"pY":-0.1,"y":-134.15,"skY":-0.8,"skX":-0.8,"scX":0.999908,"pX":0.05}},{"z":5,"duration":3,"transform":{"scY":0.999771,"x":-14.1,"pY":-0.05,"y":-134.3,"skY":-1.77,"skX":-1.77,"scX":0.999771,"pX":0.05}},{"z":5,"duration":3,"transform":{"scY":0.999649,"x":-14.1,"pY":-0.05,"y":-134.5,"skY":-2.77,"skX":-2.77,"scX":0.999649,"pX":0.15}}]},{"scale":1,"offset":0,"name":114,"frame":[{"z":6,"duration":3,"transform":{"scY":1,"x":-17.3,"pY":0,"y":14.05,"skY":0,"skX":0,"scX":1,"pX":0}},{"z":6,"duration":3,"transform":{"scY":1,"x":-17.3,"pY":0,"y":14.05,"skY":0,"skX":0,"scX":1,"pX":0}},{"z":6,"duration":3,"transform":{"scY":1,"x":-17.3,"pY":0,"y":14.05,"skY":0,"skX":0,"scX":1,"pX":0}},{"z":6,"duration":3,"transform":{"scY":1,"x":-17.3,"pY":0,"y":14.05,"skY":0,"skX":0,"scX":1,"pX":0}},{"z":6,"duration":3,"transform":{"scY":1,"x":-17.3,"pY":0,"y":14.05,"skY":0,"skX":0,"scX":1,"pX":0}},{"z":6,"duration":3,"transform":{"scY":1,"x":-17.3,"pY":0,"y":14.05,"skY":0,"skX":0,"scX":1,"pX":0}},{"z":6,"duration":3,"transform":{"scY":1,"x":-17.3,"pY":0,"y":14.05,"skY":0,"skX":0,"scX":1,"pX":0}},{"z":6,"duration":3,"transform":{"scY":1,"x":-17.3,"pY":0,"y":14.05,"skY":0,"skX":0,"scX":1,"pX":0}}]},{"scale":1,"offset":0,"name":115,"frame":[{"z":7,"duration":3,"transform":{"scY":1.000015,"x":-63.5,"pY":0,"y":-101,"skY":-23.78,"skX":-23.78,"scX":1.000015,"pX":0}},{"z":7,"duration":3,"transform":{"scY":0.998779,"x":-64.55,"pY":-0.1,"y":-100.15,"skY":-24.09,"skX":-24.09,"scX":0.998779,"pX":0.05}},{"z":7,"duration":3,"transform":{"scY":0.997955,"x":-65.6,"pY":-0.05,"y":-99.55,"skY":-24.55,"skX":-24.55,"scX":0.997955,"pX":0}},{"z":7,"duration":3,"transform":{"scY":0.997726,"x":-66.65,"pY":-0.15,"y":-98.8,"skY":-25.04,"skX":-25.04,"scX":0.997726,"pX":0}},{"z":7,"duration":3,"transform":{"scY":1.000015,"x":-67.75,"pY":-0.1,"y":-98.2,"skY":-25.51,"skX":-25.51,"scX":1.000015,"pX":0.05}},{"z":7,"duration":3,"transform":{"scY":0.998428,"x":-66.7,"pY":-0.1,"y":-98.85,"skY":-25.05,"skX":-25.05,"scX":0.998428,"pX":0}},{"z":7,"duration":3,"transform":{"scY":0.997345,"x":-65.65,"pY":-0.15,"y":-99.5,"skY":-24.55,"skX":-24.55,"scX":0.997345,"pX":0.05}},{"z":7,"duration":3,"transform":{"scY":0.996994,"x":-64.55,"pY":-0.15,"y":-100.15,"skY":-24.06,"skX":-24.06,"scX":0.996994,"pX":0}}]},{"scale":1,"offset":0,"name":116,"frame":[{"z":8,"duration":3,"transform":{"scY":1,"x":31.55,"pY":0,"y":-161.55,"skY":0,"skX":0,"scX":1,"pX":0}},{"z":8,"duration":3,"transform":{"scY":1,"x":31.55,"pY":0,"y":-160.8,"skY":0,"skX":0,"scX":1,"pX":0}},{"z":8,"duration":3,"transform":{"scY":1,"x":31.55,"pY":0,"y":-160.05,"skY":0,"skX":0,"scX":1,"pX":0}},{"z":8,"duration":3,"transform":{"scY":1,"x":31.55,"pY":0,"y":-159.3,"skY":0,"skX":0,"scX":1,"pX":0}},{"z":8,"duration":3,"transform":{"scY":1,"x":31.55,"pY":0,"y":-158.55,"skY":0,"skX":0,"scX":1,"pX":0}},{"z":8,"duration":3,"transform":{"scY":1,"x":31.55,"pY":0,"y":-159.3,"skY":0,"skX":0,"scX":1,"pX":0}},{"z":8,"duration":3,"transform":{"scY":1,"x":31.55,"pY":0,"y":-160.05,"skY":0,"skX":0,"scX":1,"pX":0}},{"z":8,"duration":3,"transform":{"scY":1,"x":31.55,"pY":0,"y":-160.8,"skY":0,"skX":0,"scX":1,"pX":0}}]},{"scale":1,"offset":0,"name":117,"frame":[{"z":9,"duration":3,"transform":{"scY":1,"x":97,"pY":0,"y":-88.5,"skY":-1.76,"skX":-1.76,"scX":1,"pX":0}},{"z":9,"duration":3,"transform":{"scY":0.999924,"x":97.7,"pY":0,"y":-88.55,"skY":-1.27,"skX":-1.27,"scX":0.999924,"pX":0}},{"z":9,"duration":3,"transform":{"scY":0.999893,"x":98.25,"pY":-0.05,"y":-88.5,"skY":-0.77,"skX":-0.77,"scX":0.999893,"pX":0}},{"z":9,"duration":3,"transform":{"scY":0.999954,"x":98.9,"pY":-0.1,"y":-88.5,"skY":-0.28,"skX":-0.28,"scX":0.999954,"pX":0.05}},{"z":9,"duration":3,"transform":{"scY":1,"x":99.5,"pY":0,"y":-88.5,"skY":0,"skX":0,"scX":1,"pX":0}},{"z":9,"duration":3,"transform":{"scY":0.999985,"x":98.85,"pY":0,"y":-88.5,"skY":-0.29,"skX":-0.29,"scX":0.999985,"pX":0}},{"z":9,"duration":3,"transform":{"scY":0.999908,"x":98.25,"pY":0,"y":-88.5,"skY":-0.75,"skX":-0.75,"scX":0.999908,"pX":0}},{"z":9,"duration":3,"transform":{"scY":0.999863,"x":97.6,"pY":-0.05,"y":-88.45,"skY":-1.05,"skX":-1.05,"scX":0.999863,"pX":-0.05}}]}],"loop":0,"autoTween":0},{"scale":1,"tweenEasing":null,"duration":24,"name":"yidong","fadeInTime":0,"timeline":[{"scale":1,"offset":0,"name":101,"frame":[{"z":0,"displayIndex":8,"duration":3,"transform":{"scY":1.000015,"x":114.4,"pY":0,"y":-81.15,"skY":-18.71,"skX":-18.71,"scX":1.000015,"pX":0}},{"z":0,"displayIndex":8,"duration":3,"transform":{"scY":1.000015,"x":107.65,"pY":0.05,"y":-89.65,"skY":2.93,"skX":2.93,"scX":1.000015,"pX":0.1}},{"z":0,"displayIndex":8,"duration":3,"transform":{"scY":1.000015,"x":94.6,"pY":0.1,"y":-91.4,"skY":11.39,"skX":11.39,"scX":1.000015,"pX":0.1}},{"z":0,"displayIndex":8,"duration":3,"transform":{"scY":1,"x":74.1,"pY":0,"y":-93.1,"skY":17.33,"skX":17.33,"scX":1,"pX":0}},{"z":0,"displayIndex":8,"duration":3,"transform":{"scY":1.000031,"x":61.75,"pY":0.05,"y":-92.9,"skY":24.77,"skX":24.77,"scX":1.000031,"pX":-0.05}},{"z":0,"displayIndex":8,"duration":3,"transform":{"scY":1,"x":42.55,"pY":0,"y":-76.2,"skY":-27.63,"skX":-27.63,"scX":1,"pX":0}},{"z":0,"displayIndex":8,"duration":3,"transform":{"scY":0.999985,"x":64.3,"pY":0.05,"y":-74.9,"skY":-44.92,"skX":-44.92,"scX":0.999985,"pX":-0.05}},{"z":0,"displayIndex":8,"duration":3,"transform":{"scY":0.999985,"x":99.6,"pY":0,"y":-89.9,"skY":-37,"skX":-37,"scX":0.999985,"pX":-0.1}}]},{"scale":1,"offset":0,"name":109,"frame":[{"z":1,"displayIndex":1,"duration":3,"transform":{"scY":1.000015,"x":-107.8,"pY":0,"y":-96.45,"skY":-29.94,"skX":-29.94,"scX":1.000015,"pX":0}},{"z":1,"displayIndex":2,"duration":3,"transform":{"scY":1,"x":-93.1,"pY":0,"y":-103.4,"skY":0,"skX":0,"scX":1,"pX":0}},{"z":1,"displayIndex":3,"duration":3,"transform":{"scY":1,"x":-109.6,"pY":0,"y":-91.95,"skY":-45.91,"skX":-45.91,"scX":1,"pX":0}},{"z":1,"displayIndex":4,"duration":3,"transform":{"scY":0.999985,"x":-119,"pY":0,"y":-90.7,"skY":-45.47,"skX":-45.47,"scX":0.999985,"pX":0}},{"z":1,"displayIndex":5,"duration":3,"transform":{"scY":1,"x":-124,"pY":0,"y":-81.75,"skY":-58.7,"skX":-58.7,"scX":1,"pX":0}},{"z":1,"displayIndex":6,"duration":3,"transform":{"scY":1.000015,"x":-118.25,"pY":0,"y":-86.45,"skY":-81.74,"skX":-81.74,"scX":1.000015,"pX":0}},{"z":1,"displayIndex":7,"duration":3,"transform":{"scY":1,"x":-110.35,"pY":0,"y":-92.55,"skY":-59.21,"skX":-59.21,"scX":1,"pX":0}},{"z":1,"displayIndex":8,"duration":3,"transform":{"scY":0.999985,"x":-108.7,"pY":0,"y":-92.85,"skY":-46.24,"skX":-46.24,"scX":0.999985,"pX":0}}]},{"scale":1,"offset":0,"name":110,"frame":[{"z":2,"displayIndex":1,"duration":3,"transform":{"scY":1,"x":36,"pY":0,"y":-95.5,"skY":0,"skX":0,"scX":1,"pX":0}},{"z":2,"displayIndex":2,"duration":3,"transform":{"scY":1.000015,"x":-51.7,"pY":0,"y":-34.7,"skY":-30.28,"skX":-30.28,"scX":1.000015,"pX":0}},{"z":2,"displayIndex":3,"duration":3,"transform":{"scY":1,"x":-26.3,"pY":0,"y":-47.5,"skY":0,"skX":0,"scX":1,"pX":0}},{"z":2,"displayIndex":4,"duration":3,"transform":{"scY":1,"x":-31.75,"pY":0,"y":-48.65,"skY":0,"skX":0,"scX":1,"pX":0}},{"z":2,"displayIndex":5,"duration":3,"transform":{"scY":1,"x":-9.65,"pY":0,"y":-140.65,"skY":0,"skX":0,"scX":1,"pX":0}},{"z":2,"displayIndex":6,"duration":3,"transform":{"scY":1,"x":-40.15,"pY":0,"y":-56,"skY":0,"skX":0,"scX":1,"pX":0}},{"z":2,"displayIndex":7,"duration":3,"transform":{"scY":0.999985,"x":22.5,"pY":0,"y":-124.9,"skY":-45,"skX":-45,"scX":0.999985,"pX":0}},{"z":2,"displayIndex":8,"duration":3,"transform":{"scY":1,"x":-60,"pY":0,"y":-50.9,"skY":0,"skX":0,"scX":1,"pX":0}}]},{"scale":1,"offset":0,"name":111,"frame":[{"z":3,"displayIndex":1,"duration":3,"transform":{"scY":1,"x":-67.25,"pY":0,"y":-38.6,"skY":30,"skX":30,"scX":1,"pX":0}},{"z":3,"displayIndex":2,"duration":3,"transform":{"scY":0.999969,"x":26.9,"pY":0,"y":-116.25,"skY":-69.56,"skX":-69.56,"scX":0.999969,"pX":0}},{"z":3,"displayIndex":3,"duration":3,"transform":{"scY":1,"x":28.65,"pY":0,"y":-131.6,"skY":-60,"skX":-60,"scX":1,"pX":0}},{"z":3,"displayIndex":4,"duration":3,"transform":{"scY":0.999985,"x":26.5,"pY":0,"y":-127.7,"skY":-59.89,"skX":-59.89,"scX":0.999985,"pX":0}},{"z":3,"displayIndex":5,"duration":3,"transform":{"scY":1,"x":75.3,"pY":0,"y":-87.7,"skY":60,"skX":60,"scX":1,"pX":0}},{"z":3,"displayIndex":6,"duration":3,"transform":{"scY":1,"x":28.35,"pY":0,"y":-131.05,"skY":-52.73,"skX":-52.73,"scX":1,"pX":0}},{"z":3,"displayIndex":7,"duration":3,"transform":{"scY":1,"x":-28.75,"pY":0,"y":-58.05,"skY":0,"skX":0,"scX":1,"pX":0}},{"z":3,"displayIndex":8,"duration":3,"transform":{"scY":1,"x":29.6,"pY":0,"y":-100.5,"skY":-24.99,"skX":-24.99,"scX":1,"pX":0}}]},{"scale":1,"offset":0,"name":112,"frame":[{"duration":12,"displayIndex":-1},{"z":4,"displayIndex":1,"duration":3,"transform":{"scY":1,"x":-34.15,"pY":0,"y":-54.05,"skY":0,"skX":0,"scX":1,"pX":0}},{"duration":9,"displayIndex":-1}]},{"scale":1,"offset":0,"name":113,"frame":[{"z":5,"displayIndex":1,"duration":3,"transform":{"scY":1,"x":72.95,"pY":0,"y":-136.9,"skY":0,"skX":0,"scX":1,"pX":0}},{"z":5,"displayIndex":1,"duration":3,"transform":{"scY":1,"x":72.95,"pY":0,"y":-138.9,"skY":0,"skX":0,"scX":1,"pX":0}},{"z":5,"displayIndex":1,"duration":3,"transform":{"scY":1,"x":72.95,"pY":0,"y":-140.4,"skY":0,"skX":0,"scX":1,"pX":0}},{"z":5,"displayIndex":1,"duration":3,"transform":{"scY":1,"x":72.95,"pY":0,"y":-138.4,"skY":0,"skX":0,"scX":1,"pX":0}},{"z":5,"displayIndex":1,"duration":3,"transform":{"scY":1,"x":72.95,"pY":0,"y":-136.9,"skY":0,"skX":0,"scX":1,"pX":0}},{"z":5,"displayIndex":1,"duration":3,"transform":{"scY":1,"x":72.95,"pY":0,"y":-138.4,"skY":0,"skX":0,"scX":1,"pX":0}},{"z":5,"displayIndex":1,"duration":3,"transform":{"scY":1,"x":72.95,"pY":0,"y":-140.4,"skY":0,"skX":0,"scX":1,"pX":0}},{"z":5,"displayIndex":1,"duration":3,"transform":{"scY":1,"x":72.95,"pY":0,"y":-137.9,"skY":0,"skX":0,"scX":1,"pX":0}}]},{"scale":1,"offset":0,"name":114,"frame":[{"z":6,"displayIndex":1,"duration":3,"transform":{"scY":1.000015,"x":-28.8,"pY":0,"y":-108.6,"skY":-10.26,"skX":-10.26,"scX":1.000015,"pX":0}},{"z":6,"displayIndex":1,"duration":3,"transform":{"scY":1,"x":-20.8,"pY":0.05,"y":-105.1,"skY":-40.26,"skX":-40.26,"scX":1,"pX":0}},{"z":6,"displayIndex":1,"duration":3,"transform":{"scY":1.000015,"x":-4.8,"pY":0.05,"y":-102.35,"skY":-51.23,"skX":-51.23,"scX":1.000015,"pX":0}},{"z":6,"displayIndex":1,"duration":3,"transform":{"scY":1.000046,"x":13.95,"pY":0,"y":-93.9,"skY":-62.42,"skX":-62.42,"scX":1.000046,"pX":-0.05}},{"z":6,"displayIndex":1,"duration":3,"transform":{"scY":1,"x":30.2,"pY":-0.05,"y":-85.05,"skY":-47.65,"skX":-47.65,"scX":1,"pX":0.15}},{"z":6,"displayIndex":1,"duration":3,"transform":{"scY":1,"x":10.25,"pY":-0.05,"y":-97.6,"skY":-37.41,"skX":-37.41,"scX":1,"pX":0.15}},{"z":6,"displayIndex":1,"duration":3,"transform":{"scY":1.000015,"x":-4.75,"pY":0.1,"y":-104.35,"skY":-27.4,"skX":-27.4,"scX":1.000015,"pX":0.15}},{"z":6,"displayIndex":1,"duration":3,"transform":{"scY":1.000031,"x":-21.5,"pY":0.05,"y":-107.85,"skY":-19.15,"skX":-19.15,"scX":1.000031,"pX":0.2}}]}],"loop":0,"autoTween":0},{"scale":1,"tweenEasing":null,"duration":15,"name":"beiji","fadeInTime":0,"timeline":[{"scale":1,"offset":0,"name":101,"frame":[{"z":0,"displayIndex":9,"duration":3,"transform":{"scY":1,"x":-34.65,"pY":0,"y":-159.55,"skY":0,"skX":0,"scX":1,"pX":0}},{"z":0,"displayIndex":9,"duration":8,"transform":{"scY":0.999985,"x":-69.55,"pY":0,"y":-156.8,"skY":-16.5,"skX":-16.5,"scX":0.999985,"pX":0}},{"z":0,"displayIndex":9,"duration":4,"transform":{"scY":1,"x":-34.65,"pY":0,"y":-159.55,"skY":0,"skX":0,"scX":1,"pX":0}}]},{"scale":1,"offset":0,"name":109,"frame":[{"z":1,"displayIndex":9,"duration":3,"transform":{"scY":1.005753,"x":-12.65,"pY":0,"y":9.65,"skY":0,"skX":6.13,"scX":1,"pX":0}},{"z":1,"displayIndex":9,"duration":8,"transform":{"scY":1,"x":-12.65,"pY":35.2,"y":-25.55,"skY":0,"skX":0,"scX":1,"pX":0.05}},{"z":1,"displayIndex":9,"duration":4,"transform":{"scY":1.005753,"x":-12.65,"pY":0,"y":9.65,"skY":0,"skX":6.13,"scX":1,"pX":0}}]},{"scale":1,"offset":0,"name":110,"frame":[{"z":2,"displayIndex":9,"duration":3,"transform":{"scY":1,"x":-119.95,"pY":0,"y":-80.75,"skY":-44.83,"skX":-44.83,"scX":1,"pX":0}},{"z":2,"displayIndex":9,"duration":8,"transform":{"scY":1,"x":-139.5,"pY":0,"y":-56.8,"skY":-74.83,"skX":-74.83,"scX":1,"pX":0}},{"z":2,"displayIndex":9,"duration":4,"transform":{"scY":1,"x":-119.95,"pY":0,"y":-80.75,"skY":-44.83,"skX":-44.83,"scX":1,"pX":0}}]},{"scale":1,"offset":0,"name":111,"frame":[{"z":3,"displayIndex":9,"duration":3,"transform":{"scY":1,"x":-56.7,"pY":0,"y":-84.15,"skY":-70.81,"skX":-70.81,"scX":1,"pX":0}},{"z":3,"displayIndex":9,"duration":8,"transform":{"scY":1.000031,"x":-69.75,"pY":0.05,"y":-78.9,"skY":-88.5,"skX":-88.5,"scX":1.000031,"pX":0}},{"z":3,"displayIndex":9,"duration":4,"transform":{"scY":1,"x":-56.7,"pY":0,"y":-84.15,"skY":-70.81,"skX":-70.81,"scX":1,"pX":0}}]},{"scale":1,"offset":0,"name":112,"frame":[{"z":4,"displayIndex":2,"duration":3,"transform":{"scY":1,"x":52.35,"pY":0,"y":-140.7,"skY":-40.94,"skX":-40.94,"scX":1,"pX":0}},{"z":4,"displayIndex":2,"duration":8,"transform":{"scY":1.000015,"x":21.7,"pY":-0.1,"y":-154.45,"skY":-71.21,"skX":-71.21,"scX":1.000015,"pX":0}},{"z":4,"displayIndex":2,"duration":4,"transform":{"scY":1,"x":52.35,"pY":0,"y":-140.7,"skY":-40.94,"skX":-40.94,"scX":1,"pX":0}}]}],"loop":1,"autoTween":0},{"scale":1,"tweenEasing":null,"duration":39,"name":"gongji","fadeInTime":0,"timeline":[{"scale":1,"offset":0,"name":101,"frame":[{"z":0,"duration":1,"transform":{"scY":0.999985,"x":-99.55,"pY":0,"y":-71.15,"skY":-44.94,"skX":-44.94,"scX":0.999985,"pX":0}},{"z":0,"displayIndex":10,"duration":1,"transform":{"scY":1,"x":-3.65,"pY":0,"y":-64.6,"skY":0,"skX":0,"scX":1,"pX":0}},{"duration":6,"displayIndex":-1},{"z":0,"displayIndex":11,"duration":1,"transform":{"scY":1,"x":-127.65,"pY":0,"y":-213.2,"skY":-61.76,"skX":-61.76,"scX":1,"pX":0}},{"z":0,"displayIndex":11,"duration":2,"transform":{"scY":1,"x":53.2,"pY":0.05,"y":-74.65,"skY":-43.02,"skX":-43.02,"scX":1,"pX":-0.05}},{"z":0,"displayIndex":11,"duration":2,"transform":{"scY":0.999985,"x":57.7,"pY":0,"y":-73.15,"skY":-40.86,"skX":-40.86,"scX":0.999985,"pX":0}},{"z":0,"displayIndex":11,"duration":2,"transform":{"scY":1,"x":60.7,"pY":0.05,"y":-71.9,"skY":-39.37,"skX":-39.37,"scX":1,"pX":0.05}},{"z":0,"displayIndex":11,"duration":2,"transform":{"scY":1,"x":61.7,"pY":-0.05,"y":-70.4,"skY":-39.37,"skX":-39.37,"scX":1,"pX":0.05}},{"z":0,"displayIndex":11,"duration":1,"transform":{"scY":1,"x":52.75,"pY":0,"y":-75.65,"skY":-42.16,"skX":-42.16,"scX":1,"pX":0}},{"z":0,"displayIndex":11,"duration":3,"transform":{"scY":1.000015,"x":19.65,"pY":-0.1,"y":-92.95,"skY":-73.56,"skX":-73.56,"scX":1.000015,"pX":0}},{"z":0,"displayIndex":11,"duration":2,"transform":{"scY":1.000015,"x":-68.85,"pY":0,"y":-214.3,"skY":-24.83,"skX":-24.83,"scX":1.000015,"pX":0.1}},{"z":0,"displayIndex":11,"duration":2,"transform":{"scY":1,"x":-65.85,"pY":0,"y":-214.05,"skY":-23.1,"skX":-23.1,"scX":1,"pX":0}},{"z":0,"displayIndex":11,"duration":2,"transform":{"scY":1,"x":-63.3,"pY":0,"y":-214.8,"skY":-21.91,"skX":-21.91,"scX":1,"pX":0.05}},{"z":0,"displayIndex":11,"duration":2,"transform":{"scY":1,"x":-61.3,"pY":0,"y":-215.8,"skY":-21.91,"skX":-21.91,"scX":1,"pX":0}},{"z":0,"displayIndex":11,"duration":2,"transform":{"scY":1,"x":-71.35,"pY":0,"y":-209.05,"skY":-24.88,"skX":-24.88,"scX":1,"pX":0.1}},{"z":0,"displayIndex":11,"duration":2,"transform":{"scY":1.000015,"x":-80.6,"pY":-0.05,"y":-195.3,"skY":-25.33,"skX":-25.33,"scX":1.000015,"pX":0.1}},{"z":0,"displayIndex":11,"duration":3,"transform":{"scY":1.000031,"x":-77.6,"pY":-0.05,"y":-166.3,"skY":-14.29,"skX":-14.29,"scX":1.000031,"pX":0.1}},{"z":0,"duration":3,"transform":{"scY":0.999985,"x":-99.55,"pY":0,"y":-74.7,"skY":-44.94,"skX":-44.94,"scX":0.999985,"pX":0.05}}]},{"scale":1,"offset":0,"name":109,"frame":[{"z":1,"duration":1,"transform":{"scY":1,"x":66.55,"pY":0,"y":-144.5,"skY":2.72,"skX":2.72,"scX":1,"pX":0}},{"z":1,"duration":1,"transform":{"scY":1,"x":41.75,"pY":-0.05,"y":-167.9,"skY":-23.26,"skX":-23.26,"scX":1,"pX":0.1}},{"duration":6,"displayIndex":-1},{"z":1,"displayIndex":10,"duration":1,"transform":{"scY":0.999985,"x":102.4,"pY":0,"y":-174.2,"skY":-28,"skX":-28,"scX":0.999985,"pX":0}},{"z":1,"displayIndex":10,"duration":2,"transform":{"scY":1,"x":102.9,"pY":0,"y":-210.25,"skY":-33.52,"skX":-33.52,"scX":1,"pX":0}},{"z":1,"displayIndex":10,"duration":2,"transform":{"scY":1,"x":108.9,"pY":0,"y":-207.25,"skY":-31.55,"skX":-31.55,"scX":1,"pX":0}},{"z":1,"displayIndex":10,"duration":2,"transform":{"scY":0.999985,"x":120.95,"pY":-0.05,"y":-208.5,"skY":-26.5,"skX":-26.5,"scX":0.999985,"pX":0.1}},{"z":1,"displayIndex":10,"duration":2,"transform":{"scY":1,"x":115.7,"pY":0,"y":-202,"skY":-30.49,"skX":-30.49,"scX":1,"pX":0.15}},{"z":1,"displayIndex":10,"duration":1,"transform":{"scY":1,"x":101.65,"pY":-0.05,"y":-208.25,"skY":-35.23,"skX":-35.23,"scX":1,"pX":0.1}},{"z":1,"displayIndex":10,"duration":3,"transform":{"scY":1,"x":49.35,"pY":0,"y":-237.15,"skY":-57.15,"skX":-57.15,"scX":1,"pX":0.15}},{"z":1,"displayIndex":10,"duration":2,"transform":{"scY":1.000015,"x":123.6,"pY":-0.1,"y":-69.2,"skY":-19.26,"skX":-19.26,"scX":1.000015,"pX":0.2}},{"z":1,"displayIndex":10,"duration":2,"transform":{"scY":1.000015,"x":123.1,"pY":-0.1,"y":-67.2,"skY":-19.26,"skX":-19.26,"scX":1.000015,"pX":0.2}},{"z":1,"displayIndex":10,"duration":2,"transform":{"scY":1.000015,"x":124.85,"pY":-0.1,"y":-64.95,"skY":-19.26,"skX":-19.26,"scX":1.000015,"pX":0.2}},{"z":1,"displayIndex":10,"duration":2,"transform":{"scY":1.000015,"x":126.85,"pY":-0.1,"y":-64.7,"skY":-19.26,"skX":-19.26,"scX":1.000015,"pX":0.15}},{"z":1,"displayIndex":10,"duration":2,"transform":{"scY":1.000015,"x":123.6,"pY":-0.05,"y":-66.95,"skY":-20.99,"skX":-20.99,"scX":1.000015,"pX":0.15}},{"z":1,"displayIndex":10,"duration":2,"transform":{"scY":1.000015,"x":125.1,"pY":0,"y":-85.7,"skY":-22.69,"skX":-22.69,"scX":1.000015,"pX":0.25}},{"z":1,"displayIndex":10,"duration":3,"transform":{"scY":1,"x":113.6,"pY":0,"y":-102.55,"skY":-16.74,"skX":-16.74,"scX":1,"pX":0.2}},{"z":1,"duration":3,"transform":{"scY":1.000015,"x":66.55,"pY":-0.05,"y":-144.5,"skY":-2.03,"skX":-2.03,"scX":1.000015,"pX":0.05}}]},{"scale":1,"offset":0,"name":110,"frame":[{"z":2,"duration":1,"transform":{"scY":1,"x":32.6,"pY":0,"y":-8.05,"skY":0,"skX":0,"scX":1,"pX":0}},{"z":2,"duration":1,"transform":{"scY":1,"x":32.6,"pY":0,"y":-8.05,"skY":0,"skX":0,"scX":1,"pX":0}},{"z":2,"displayIndex":10,"duration":2,"transform":{"scY":1,"x":-110.4,"pY":0,"y":-98.85,"skY":0,"skX":0,"scX":1,"pX":0}},{"z":2,"displayIndex":11,"duration":2,"transform":{"scY":1,"x":-126.2,"pY":0,"y":-79.3,"skY":0,"skX":0,"scX":1,"pX":0}},{"z":2,"displayIndex":11,"duration":2,"transform":{"scY":1.000015,"x":-126.45,"pY":0,"y":-67.3,"skY":-11.74,"skX":-11.74,"scX":1.000015,"pX":0}},{"duration":3,"displayIndex":-1},{"z":2,"displayIndex":12,"duration":2,"transform":{"scY":1,"x":16.55,"pY":0,"y":-102.85,"skY":0,"skX":0,"scX":1,"pX":0}},{"z":2,"displayIndex":12,"duration":2,"transform":{"scY":1.001236,"x":21.55,"pY":0,"y":-102.85,"skY":0.62,"skX":2.84,"scX":0.999527,"pX":0}},{"z":2,"displayIndex":13,"duration":2,"transform":{"scY":1,"x":26.1,"pY":0,"y":-99.85,"skY":0,"skX":0,"scX":1,"pX":0}},{"z":2,"displayIndex":14,"duration":1,"transform":{"scY":1,"x":11.75,"pY":0,"y":-104.85,"skY":0,"skX":0,"scX":1,"pX":0}},{"z":2,"displayIndex":15,"duration":3,"transform":{"scY":1,"x":40.15,"pY":0,"y":-166.35,"skY":0,"skX":0,"scX":1,"pX":0}},{"z":2,"displayIndex":16,"duration":2,"transform":{"scY":1,"x":-5.85,"pY":0,"y":-102.6,"skY":0,"skX":0,"scX":1,"pX":0}},{"z":2,"displayIndex":17,"duration":2,"transform":{"scY":1,"x":31.75,"pY":0,"y":-101.6,"skY":0,"skX":0,"scX":1,"pX":0}},{"z":2,"displayIndex":17,"duration":2,"transform":{"scY":1.000092,"x":0.25,"pY":-100.5,"y":-1.1,"skY":0.43,"skX":0.69,"scX":0.999954,"pX":31.5}},{"z":2,"displayIndex":17,"duration":2,"transform":{"scY":1.000092,"x":0.2,"pY":-100.45,"y":-1.1,"skY":0.43,"skX":1.78,"scX":1.000168,"pX":31.6}},{"z":2,"displayIndex":17,"duration":2,"transform":{"scY":1,"x":31.75,"pY":0,"y":-101.6,"skY":0,"skX":0,"scX":1,"pX":0}},{"z":2,"displayIndex":18,"duration":2,"transform":{"scY":1,"x":1.15,"pY":0,"y":-108.95,"skY":0,"skX":0,"scX":1,"pX":0}},{"z":2,"displayIndex":19,"duration":3,"transform":{"scY":1,"x":-7.25,"pY":0,"y":-122,"skY":0,"skX":0,"scX":1,"pX":0}},{"z":2,"duration":3,"transform":{"scY":1.06369,"x":32.6,"pY":0,"y":-9.05,"skY":0,"skX":0,"scX":1,"pX":0}}]},{"scale":1,"offset":0,"name":111,"frame":[{"z":3,"duration":1,"transform":{"scY":1,"x":10.2,"pY":0,"y":-73.45,"skY":0,"skX":0,"scX":1,"pX":0}},{"z":3,"displayIndex":10,"duration":1,"transform":{"scY":1,"x":-53.85,"pY":0,"y":-168.05,"skY":-39.06,"skX":-39.06,"scX":0.999985,"pX":0}},{"z":3,"displayIndex":11,"duration":2,"transform":{"scY":1,"x":33.4,"pY":0,"y":3.1,"skY":0,"skX":0,"scX":1,"pX":0}},{"z":3,"displayIndex":11,"duration":2,"transform":{"scY":1.047256,"x":33.35,"pY":0,"y":3.1,"skY":0,"skX":-2.73,"scX":1,"pX":0}},{"z":3,"displayIndex":11,"duration":2,"transform":{"scY":1.143585,"x":33.35,"pY":0,"y":3.1,"skY":0,"skX":-5.55,"scX":1,"pX":0}},{"duration":10,"displayIndex":-1},{"z":3,"displayIndex":12,"duration":3,"transform":{"scY":1,"x":-1.35,"pY":0,"y":-120.55,"skY":0,"skX":0,"scX":1,"pX":0}},{"z":3,"displayIndex":13,"duration":1,"transform":{"scY":2.000046,"x":114.3,"pY":0,"y":-122.55,"skY":5.73,"skX":5.73,"scX":2.000046,"pX":0}},{"z":3,"displayIndex":14,"duration":2,"transform":{"scY":2.000031,"x":141.1,"pY":0,"y":-129.35,"skY":7.47,"skX":7.47,"scX":2.000031,"pX":0}},{"z":3,"displayIndex":15,"duration":2,"transform":{"scY":2,"x":160.7,"pY":0,"y":-90.05,"skY":7.94,"skX":7.94,"scX":2,"pX":0}},{"z":3,"displayIndex":16,"duration":2,"transform":{"scY":1.5,"x":178.35,"pY":0,"y":30.25,"skY":0,"skX":0,"scX":1.5,"pX":0}},{"z":3,"displayIndex":17,"duration":1,"transform":{"scY":1.5,"x":178.35,"pY":0,"y":29.9,"skY":0,"skX":0,"scX":1.5,"pX":0}},{"duration":7,"displayIndex":-1},{"z":3,"duration":3,"transform":{"scY":1,"x":11.2,"pY":0,"y":-75.45,"skY":0,"skX":0,"scX":1,"pX":0}}]},{"scale":1,"offset":0,"name":112,"frame":[{"z":4,"duration":1,"transform":{"scY":1.000015,"x":-50.9,"pY":0,"y":-145.05,"skY":-54.06,"skX":-54.06,"scX":1,"pX":0}},{"z":4,"displayIndex":3,"duration":1,"transform":{"scY":1.000015,"x":-21.1,"pY":0,"y":-159.6,"skY":5.04,"skX":5.04,"scX":1.000015,"pX":0}},{"z":4,"displayIndex":4,"duration":2,"transform":{"scY":1.000015,"x":-43.35,"pY":0,"y":-129.25,"skY":5.47,"skX":5.47,"scX":1.000015,"pX":0}},{"z":4,"displayIndex":4,"duration":2,"transform":{"scY":1,"x":-51.85,"pY":0,"y":-126.25,"skY":0,"skX":0,"scX":1,"pX":0}},{"z":4,"displayIndex":4,"duration":2,"transform":{"scY":1.000015,"x":-58.25,"pY":0,"y":-129.55,"skY":-7.75,"skX":-7.75,"scX":1.000015,"pX":0}},{"z":4,"displayIndex":5,"duration":1,"transform":{"scY":1,"x":-9.9,"pY":0,"y":-127.15,"skY":0,"skX":0,"scX":1,"pX":0}},{"z":4,"displayIndex":6,"duration":2,"transform":{"scY":1,"x":11.75,"pY":0,"y":-104.85,"skY":0,"skX":0,"scX":1,"pX":0}},{"duration":11,"displayIndex":-1},{"z":4,"displayIndex":7,"duration":2,"transform":{"scY":1.5,"x":178.35,"pY":0,"y":35.5,"skY":0,"skX":0,"scX":1.5,"pX":0}},{"z":4,"displayIndex":8,"duration":2,"transform":{"scY":1.5,"x":178.35,"pY":0,"y":31,"skY":0,"skX":0,"scX":1.5,"pX":0}},{"z":4,"displayIndex":9,"duration":2,"transform":{"scY":1.748779,"x":210.4,"pY":0,"y":-120.75,"skY":0,"skX":0,"scX":1.748779,"pX":0}},{"z":4,"displayIndex":10,"duration":1,"transform":{"scY":1.748779,"x":218.7,"pY":0,"y":-128.15,"skY":0,"skX":0,"scX":1.748779,"pX":0}},{"duration":7,"displayIndex":-1},{"z":4,"duration":3,"transform":{"scY":1.000015,"x":-46.4,"pY":0,"y":-145.05,"skY":-54.06,"skX":-54.06,"scX":1,"pX":0}}]},{"scale":1,"offset":0,"name":113,"frame":[{"z":5,"duration":1,"transform":{"scY":1.000031,"x":-14.1,"pY":0,"y":-134.6,"skY":-3.94,"skX":-3.94,"scX":1.000031,"pX":0}},{"duration":1,"displayIndex":-1},{"z":5,"displayIndex":2,"duration":2,"transform":{"scY":1.037277,"x":-49.9,"pY":0,"y":-47.9,"skY":0,"skX":0,"scX":1,"pX":0}},{"z":5,"displayIndex":2,"duration":2,"transform":{"scY":1.037674,"x":-49.9,"pY":-53.65,"y":7.75,"skY":0,"skX":-1.54,"scX":1,"pX":0}},{"z":5,"displayIndex":2,"duration":2,"transform":{"scY":1.071747,"x":-49.9,"pY":-53.65,"y":7.8,"skY":0,"skX":-3.6,"scX":1,"pX":0}},{"z":5,"displayIndex":3,"duration":1,"transform":{"scY":2,"x":-91.75,"pY":0,"y":-197.55,"skY":0,"skX":0,"scX":2,"pX":0}},{"z":5,"displayIndex":4,"duration":2,"transform":{"scY":2,"x":-3.95,"pY":0,"y":-129.35,"skY":0,"skX":0,"scX":2,"pX":0}},{"z":5,"displayIndex":5,"duration":2,"transform":{"scY":2,"x":46.65,"pY":0,"y":-60,"skY":0,"skX":0,"scX":2,"pX":0}},{"duration":9,"displayIndex":-1},{"z":5,"displayIndex":6,"duration":2,"transform":{"scY":1.748779,"x":181.1,"pY":0,"y":-90.55,"skY":0,"skX":0,"scX":1.748779,"pX":0}},{"z":5,"displayIndex":7,"duration":2,"transform":{"scY":1.748779,"x":199.05,"pY":0,"y":-117.25,"skY":0,"skX":0,"scX":1.748779,"pX":0}},{"duration":10,"displayIndex":-1},{"z":5,"duration":3,"transform":{"scY":1.000015,"x":-14.1,"pY":0,"y":-134.6,"skY":11.06,"skX":11.06,"scX":1.000015,"pX":0}}]},{"scale":1,"offset":0,"name":114,"frame":[{"z":6,"duration":1,"transform":{"scY":1,"x":-17.3,"pY":0,"y":14.05,"skY":0,"skX":0,"scX":1,"pX":0}},{"z":6,"displayIndex":1,"duration":1,"transform":{"scY":1.000015,"x":-80.05,"pY":0,"y":-131.85,"skY":-12.12,"skX":-12.12,"scX":1.000015,"pX":0}},{"z":6,"displayIndex":2,"duration":2,"transform":{"scY":1,"x":74.3,"pY":0,"y":-200.35,"skY":-42.06,"skX":-42.06,"scX":1,"pX":0}},{"z":6,"displayIndex":2,"duration":2,"transform":{"scY":0.999985,"x":50.9,"pY":0,"y":-219.2,"skY":-53.3,"skX":-53.3,"scX":0.999985,"pX":0.05}},{"z":6,"displayIndex":2,"duration":2,"transform":{"scY":1,"x":31.95,"pY":-0.05,"y":-232.2,"skY":-57.53,"skX":-57.53,"scX":1,"pX":0}},{"duration":1,"displayIndex":-1},{"z":6,"displayIndex":3,"duration":2,"transform":{"scY":2,"x":101.65,"pY":0,"y":52,"skY":0,"skX":0,"scX":2,"pX":0}},{"z":6,"displayIndex":4,"duration":2,"transform":{"scY":2,"x":101.65,"pY":0,"y":46,"skY":0,"skX":0,"scX":2,"pX":0}},{"z":6,"displayIndex":5,"duration":2,"transform":{"scY":2,"x":101.65,"pY":0,"y":45,"skY":0,"skX":0,"scX":2,"pX":0}},{"z":6,"displayIndex":6,"duration":1,"transform":{"scY":2,"x":101.65,"pY":0,"y":44.5,"skY":0,"skX":0,"scX":2,"pX":0}},{"duration":20,"displayIndex":-1},{"z":6,"duration":3,"transform":{"scY":1,"x":-29.8,"pY":0,"y":1.75,"skY":0,"skX":0,"scX":1,"pX":0}}]},{"scale":1,"offset":0,"name":115,"frame":[{"z":7,"duration":1,"transform":{"scY":1.000015,"x":-63.5,"pY":0,"y":-101,"skY":-23.78,"skX":-23.78,"scX":1.000015,"pX":0}},{"duration":1,"displayIndex":-1},{"z":7,"displayIndex":1,"duration":2,"transform":{"scY":1,"x":-120.55,"pY":0,"y":-221.15,"skY":45.49,"skX":45.49,"scX":1,"pX":0}},{"z":7,"displayIndex":1,"duration":2,"transform":{"scY":1.000015,"x":-133.55,"pY":0,"y":-224.95,"skY":34.76,"skX":34.76,"scX":1.000015,"pX":0.05}},{"z":7,"displayIndex":1,"duration":2,"transform":{"scY":1.000015,"x":-161.35,"pY":0.05,"y":-210.2,"skY":9.03,"skX":9.03,"scX":1.000015,"pX":0.05}},{"duration":1,"displayIndex":-1},{"z":7,"displayIndex":2,"duration":2,"transform":{"scY":2,"x":120.5,"pY":0,"y":-99,"skY":0,"skX":0,"scX":2,"pX":0}},{"z":7,"displayIndex":3,"duration":2,"transform":{"scY":2,"x":141,"pY":0,"y":-129.5,"skY":0,"skX":0,"scX":2,"pX":0}},{"z":7,"displayIndex":4,"duration":2,"transform":{"scY":2,"x":154,"pY":0,"y":-133.5,"skY":0,"skX":0,"scX":2,"pX":0}},{"z":7,"displayIndex":5,"duration":1,"transform":{"scY":2,"x":163.5,"pY":0,"y":-142,"skY":0,"skX":0,"scX":2,"pX":0}},{"duration":20,"displayIndex":-1},{"z":7,"duration":3,"transform":{"scY":1.000015,"x":-75.5,"pY":0,"y":-114.5,"skY":-23.78,"skX":-23.78,"scX":1.000015,"pX":0}}]},{"scale":1,"offset":0,"name":116,"frame":[{"z":8,"duration":1,"transform":{"scY":1,"x":31.55,"pY":0,"y":-161.55,"skY":0,"skX":0,"scX":1,"pX":0}},{"z":8,"duration":1,"transform":{"scY":1.000015,"x":15.05,"pY":0,"y":-176.05,"skY":-7.49,"skX":-7.49,"scX":1.000015,"pX":0}},{"duration":7,"displayIndex":-1},{"z":8,"displayIndex":1,"duration":2,"transform":{"scY":2,"x":147.3,"pY":0,"y":-26.6,"skY":0,"skX":0,"scX":2,"pX":0}},{"duration":2,"z":8,"displayIndex":2,"event":"attack1","transform":{"scY":2,"x":173.3,"pY":0,"y":-49.1,"skY":0,"skX":0,"scX":2,"pX":0}},{"z":8,"displayIndex":3,"duration":2,"transform":{"scY":2,"x":188.8,"pY":0,"y":-78.1,"skY":0,"skX":0,"scX":2,"pX":0}},{"z":8,"displayIndex":4,"duration":2,"transform":{"scY":2,"x":204.8,"pY":0,"y":-101.6,"skY":0,"skX":0,"scX":2,"pX":0}},{"z":8,"displayIndex":5,"duration":2,"transform":{"scY":2,"x":229.3,"pY":0,"y":-117.6,"skY":0,"skX":0,"scX":2,"pX":0}},{"z":8,"displayIndex":6,"duration":2,"transform":{"scY":2,"x":241.8,"pY":0,"y":-90.1,"skY":0,"skX":0,"scX":2,"pX":0}},{"z":8,"displayIndex":7,"duration":1,"transform":{"scY":2,"x":246.3,"pY":0,"y":-94.1,"skY":0,"skX":0,"scX":2,"pX":0}},{"z":8,"displayIndex":1,"duration":2,"transform":{"scY":1.623505,"x":197.15,"pY":0,"y":-22,"skY":0,"skX":0,"scX":1.623505,"pX":0}},{"z":8,"displayIndex":2,"duration":2,"transform":{"scY":1.623505,"x":218.3,"pY":0,"y":-40.25,"skY":0,"skX":0,"scX":1.623505,"pX":0}},{"z":8,"displayIndex":3,"duration":2,"transform":{"scY":1.623505,"x":230.85,"pY":0,"y":-63.8,"skY":0,"skX":0,"scX":1.623505,"pX":0}},{"z":8,"displayIndex":4,"duration":2,"transform":{"scY":1.623505,"x":243.85,"pY":0,"y":-82.85,"skY":0,"skX":0,"scX":1.623505,"pX":0}},{"z":8,"displayIndex":5,"duration":2,"transform":{"scY":1.623505,"x":263.75,"pY":0,"y":-95.85,"skY":0,"skX":0,"scX":1.623505,"pX":0}},{"z":8,"displayIndex":6,"duration":2,"transform":{"scY":1.623505,"x":273.9,"pY":0,"y":-73.55,"skY":0,"skX":0,"scX":1.623505,"pX":0}},{"z":8,"displayIndex":7,"duration":1,"transform":{"scY":1.623505,"x":277.55,"pY":0,"y":-76.8,"skY":0,"skX":0,"scX":1.623505,"pX":0}},{"duration":1,"displayIndex":-1},{"z":8,"duration":3,"transform":{"scY":1,"x":33.05,"pY":0,"y":-162.55,"skY":0,"skX":0,"scX":1,"pX":0}}]},{"scale":1,"offset":0,"name":117,"frame":[{"z":9,"duration":1,"transform":{"scY":1,"x":97,"pY":0,"y":-88.5,"skY":-1.76,"skX":-1.76,"scX":1,"pX":0}},{"z":9,"duration":1,"transform":{"scY":1.000015,"x":90.1,"pY":-0.1,"y":-138.45,"skY":-12.47,"skX":-12.47,"scX":1.000015,"pX":-0.05}},{"duration":34,"displayIndex":-1},{"z":9,"duration":3,"transform":{"scY":1,"x":101.4,"pY":0,"y":-97.25,"skY":-1.76,"skX":-1.76,"scX":1,"pX":-0.05}}]}],"loop":0,"autoTween":0},{"scale":1,"tweenEasing":null,"duration":12,"name":"jifei","fadeInTime":0,"timeline":[{"scale":1,"offset":0,"name":101,"frame":[{"z":0,"displayIndex":12,"duration":3,"transform":{"scY":1,"x":-129.25,"pY":0,"y":-83.2,"skY":-44.83,"skX":-44.83,"scX":1,"pX":0}},{"z":0,"displayIndex":1,"duration":3,"transform":{"scY":1,"x":-114.3,"pY":0,"y":-83.75,"skY":-15,"skX":-15,"scX":1,"pX":0}},{"z":0,"displayIndex":3,"duration":3,"transform":{"scY":0.999985,"x":-70.8,"pY":0,"y":-40.25,"skY":-83.94,"skX":-83.94,"scX":0.999985,"pX":-0.05}},{"z":0,"displayIndex":3,"duration":3,"transform":{"scY":0.999939,"x":-65.3,"pY":0.05,"y":-53.2,"skY":-108.15,"skX":-108.15,"scX":0.999939,"pX":0}}]},{"scale":1,"offset":0,"name":109,"frame":[{"z":1,"displayIndex":11,"duration":3,"transform":{"scY":1,"x":-45.45,"pY":0,"y":-40.05,"skY":0,"skX":0,"scX":1,"pX":0}},{"z":1,"displayIndex":11,"duration":3,"transform":{"scY":1.000015,"x":-31.95,"pY":0,"y":-52.55,"skY":-13.74,"skX":-13.74,"scX":1.000015,"pX":-0.1}},{"z":1,"displayIndex":11,"duration":3,"transform":{"scY":0.999985,"x":18.6,"pY":0,"y":-72,"skY":-53.76,"skX":-53.76,"scX":0.999985,"pX":0}},{"z":1,"displayIndex":11,"duration":3,"transform":{"scY":0.999985,"x":20.55,"pY":0,"y":-105.05,"skY":-45,"skX":-45,"scX":0.999985,"pX":-0.05}}]},{"scale":1,"offset":0,"name":110,"frame":[{"z":2,"displayIndex":20,"duration":3,"transform":{"scY":0.999985,"x":-0.35,"pY":0,"y":-138.45,"skY":61.22,"skX":61.22,"scX":0.999985,"pX":0}},{"z":2,"displayIndex":20,"duration":3,"transform":{"scY":0.999985,"x":-21.35,"pY":0.05,"y":-161.9,"skY":42.25,"skX":42.25,"scX":0.999985,"pX":0.05}},{"z":2,"displayIndex":20,"duration":3,"transform":{"scY":1,"x":-45.35,"pY":0,"y":-161.45,"skY":0,"skX":0,"scX":1,"pX":0.05}},{"z":2,"displayIndex":20,"duration":3,"transform":{"scY":1,"x":-68.85,"pY":-0.05,"y":-161.45,"skY":-30,"skX":-30,"scX":1,"pX":0.05}}]},{"scale":1,"offset":0,"name":111,"frame":[{"z":3,"displayIndex":9,"duration":3,"transform":{"scY":0.999985,"x":-67.65,"pY":0,"y":-128.2,"skY":-40.08,"skX":-40.08,"scX":0.999985,"pX":-0.05}},{"z":3,"displayIndex":9,"duration":3,"transform":{"scY":0.999985,"x":-76.2,"pY":0.05,"y":-128.45,"skY":-53.37,"skX":-53.37,"scX":0.999985,"pX":-0.1}},{"z":3,"displayIndex":9,"duration":3,"transform":{"scY":0.999985,"x":-67.3,"pY":-0.05,"y":-98.9,"skY":-92.87,"skX":-92.87,"scX":0.999985,"pX":0}},{"z":3,"displayIndex":9,"duration":3,"transform":{"scY":1,"x":-52.45,"pY":0,"y":-97.65,"skY":-120,"skX":-120,"scX":1,"pX":0.05}}]},{"scale":1,"offset":0,"name":112,"frame":[{"z":4,"displayIndex":2,"duration":3,"transform":{"scY":1,"x":63.3,"pY":0.05,"y":-170,"skY":-35.21,"skX":-35.21,"scX":1,"pX":0.15}},{"z":4,"displayIndex":2,"duration":3,"transform":{"scY":1,"x":33.85,"pY":0.05,"y":-214.3,"skY":-45.25,"skX":-45.25,"scX":1,"pX":0.05}},{"z":4,"displayIndex":2,"duration":3,"transform":{"scY":1,"x":-40.6,"pY":0.05,"y":-238.45,"skY":-97.2,"skX":-97.2,"scX":1,"pX":0.1}},{"z":4,"displayIndex":2,"duration":3,"transform":{"scY":1.000015,"x":-107.65,"pY":0,"y":-225.9,"skY":-121.24,"skX":-121.24,"scX":1.000015,"pX":0.05}}]}],"loop":1,"autoTween":0},{"scale":1,"tweenEasing":null,"duration":30,"name":"daodi","fadeInTime":0,"timeline":[{"scale":1,"offset":0,"name":101,"frame":[{"z":0,"displayIndex":13,"duration":3,"transform":{"scY":1,"x":-0.55,"pY":0,"y":37.4,"skY":-76.49,"skX":-76.49,"scX":1,"pX":0}},{"z":0,"displayIndex":13,"duration":3,"transform":{"scY":1,"x":-14.05,"pY":0.05,"y":29.9,"skY":-56.02,"skX":-56.02,"scX":1,"pX":-0.05}},{"z":0,"displayIndex":13,"duration":3,"transform":{"scY":0.999985,"x":-26.05,"pY":0.1,"y":6.9,"skY":-41.02,"skX":-41.02,"scX":0.999985,"pX":-0.05}},{"duration":21,"displayIndex":-1}]},{"scale":1,"offset":0,"name":109,"frame":[{"z":1,"displayIndex":12,"duration":3,"transform":{"scY":0.999985,"x":44.45,"pY":0,"y":-48,"skY":53.22,"skX":53.22,"scX":0.999985,"pX":0}},{"z":1,"displayIndex":12,"duration":3,"transform":{"scY":1.000015,"x":32.5,"pY":-0.05,"y":-68,"skY":8.22,"skX":8.22,"scX":1.000015,"pX":0}},{"z":1,"displayIndex":12,"duration":3,"transform":{"scY":1,"x":27,"pY":-0.05,"y":-54.65,"skY":0,"skX":0,"scX":1,"pX":-0.05}},{"duration":21,"displayIndex":-1}]},{"scale":1,"offset":0,"name":110,"frame":[{"z":2,"displayIndex":21,"duration":3,"transform":{"scY":1.000015,"x":-114.2,"pY":0,"y":-15.6,"skY":-6.73,"skX":-6.73,"scX":1.000015,"pX":0}},{"z":2,"displayIndex":21,"duration":3,"transform":{"scY":1,"x":-114.2,"pY":0,"y":-10.6,"skY":0,"skX":0,"scX":1,"pX":0.05}},{"z":2,"displayIndex":22,"duration":3,"transform":{"scY":1,"x":-119.5,"pY":0,"y":-19.3,"skY":0,"skX":0,"scX":1,"pX":0}},{"z":2,"displayIndex":23,"duration":3,"transform":{"scY":1,"x":-37.05,"pY":0,"y":-28.8,"skY":0,"skX":0,"scX":1,"pX":0}},{"z":2,"displayIndex":24,"duration":3,"transform":{"scY":1,"x":-35.25,"pY":0,"y":-35.85,"skY":0,"skX":0,"scX":1,"pX":0}},{"z":2,"displayIndex":23,"duration":15,"transform":{"scY":1,"x":-37.05,"pY":0,"y":-28.8,"skY":0,"skX":0,"scX":1,"pX":0}}]},{"scale":1,"offset":0,"name":111,"frame":[{"z":3,"displayIndex":18,"duration":3,"transform":{"scY":1,"x":-130.1,"pY":0,"y":-97.05,"skY":-142.97,"skX":-142.97,"scX":1,"pX":0}},{"z":3,"displayIndex":18,"duration":3,"transform":{"scY":1.000015,"x":-118.85,"pY":0,"y":-98.55,"skY":-144.67,"skX":-144.67,"scX":1.000015,"pX":0}},{"z":3,"displayIndex":18,"duration":3,"transform":{"scY":1.000031,"x":-104.35,"pY":-0.05,"y":-103.05,"skY":-161.7,"skX":-161.7,"scX":1.000031,"pX":-0.05}},{"duration":21,"displayIndex":-1}]},{"scale":1,"offset":0,"name":112,"frame":[{"z":4,"displayIndex":11,"duration":3,"transform":{"scY":0.999985,"x":-31.6,"pY":0,"y":-8,"skY":-176.29,"skX":-176.29,"scX":0.999985,"pX":0}},{"z":4,"displayIndex":11,"duration":3,"transform":{"scY":0.999969,"x":-27.55,"pY":0.1,"y":-13,"skY":-173.76,"skX":-173.76,"scX":0.999969,"pX":0.1}},{"z":4,"displayIndex":11,"duration":3,"transform":{"scY":1,"x":-48.55,"pY":0.05,"y":-45.5,"skY":174.05,"skX":174.05,"scX":1,"pX":0}},{"duration":21,"displayIndex":-1}]}],"loop":1,"autoTween":0}]}]}